cora sage,"full batch 25,35,40,40,40","pseudo 
2 batches 
25,35,40,40,40","pseudo 
4 batches 
25,35,40,40,40","pseudo 
8 batches 
25,35,40,40,40","pseudo 
16 batches 
25,35,40,40,40"
Nvidia-smi,1.2733154296875,1.2752685546875,1.2733154296875,1.2869873046875,1.2889404296875
CUDA_mem,0.018852710723876953,0.018185138702392578,0.01662158966064453,0.015593528747558594,0.00958871841430664
CUDA_max_mem,0.02884054183959961,0.028838157653808594,0.027010440826416016,0.025984764099121094,0.025446414947509766
epoch_time,0.038192033767700195,0.11081790924072266,0.17039847373962402,0.30941200256347656,0.5191764831542969
pure train_time per epoch,0.013511180877685547,0.0242459774017334,0.0381779670715332,0.08897113800048828,0.1688840389251709
connect checking time per epoch: ,,0.026800870895385742,0.043588876724243164,0.06531763076782227,0.10614347457885742
block generation time per epoch: ,,0.02655625343322754,0.045522451400756836,0.07784461975097656,0.13408231735229492
batches generation time per epoch: ,,0.01327812671661377,0.011380612850189209,0.00973057746887207,0.008380144834518433
first layer input nodes number per epoch,2492.0,4865.0,9386.0,17814.0,31273.0
first layer num_input nodes * in_feats per epoch,3571036.0,6971545.0,13450138.0,25527462.0,44814209.0
logged input_features_size transfer (pointers* Bytes),144.0,288.0,576.0,1152.0,2304.0
logged block_size_to_device transfer (pointers*  Bytes),128.0,256.0,512.0,1024.0,2048.0
load block tensor time per epoch,0.007788419723510742,0.00790095329284668,0.014727354049682617,0.028174638748168945,0.0298917293548584
block to device time per epoch,0.0007579326629638672,0.001383066177368164,0.0027549266815185547,0.005452156066894531,0.01312398910522461
