cora sage,"full batch
25,35,40,40,40","pseudo 
2 batches
25,35,40,40,40","pseudo 
4 batches
25,35,40,40,40","pseudo 
8 batches
25,35,40,40,40","pseudo 
16 batches
25,35,40,40,40"
final layer output nodes/pure train time,10361.788600670548,5774.153694871921,3667.036532817086,1573.5439957981841,828.9711738954276
all layers input nodes//pure train time,688614.865290277,667492.1671271941,717377.1182913883,512121.13303248904,409073.5894267108
average train time per epoch,0.013511180877685547,0.0242459774017334,0.0381779670715332,0.08897113800048828,0.1688840389251709
average number of nodes for computation,9304.0,16184.0,27388.0,45564.0,69086.0
average first layer num of input nodes,2495.5,4875.0,9419.5,17718.5,31492.0
redundancy rate (first layer input),1.0,1.9539078156312626,3.7753507014028056,7.101603206412825,12.622044088176352
average load block input feature time per epoch,0.007788419723510742,0.00790095329284668,0.014727354049682617,0.028174638748168945,0.0298917293548584
average block to device time per epoch,0.0007579326629638672,0.001383066177368164,0.0027549266815185547,0.005452156066894531,0.01312398910522461
average dataloading time per epoch,0.00854635238647461,0.009284019470214844,0.017482280731201172,0.03362679481506348,0.04301571846008301
