cora sage,"pseudo 2 batches25,35,40,40,40","pseudo 4 batches25,35,40,40,40","pseudo 8 batches25,35,40,40,40","pseudo 16 batches25,35,40,40,40"
final layer output nodes/pure train time,108.9473270171866,60.033052795220605,33.80835982900368,19.61990476101376
all layers input nodes//pure train time,12585.75085606399,11864.67526993542,10812.396449884363,9284.839643796035
average train time per epoch,1.285024642944336,2.3320486545562744,4.1409876346588135,7.135610580444336
average number of nodes for computation,16173.0,27669.0,44774.0,66253.0
average first layer num of input nodes,4906.0,9455.5,17908.5,31284.0
redundancy rate (first layer input),1.9686998394863564,3.794341894060995,7.186396468699839,12.553772070626003
average load block input feature time per epoch,0.0760498046875,0.21903324127197266,0.4901752471923828,0.9718396663665771
average block to device time per epoch,0.0017807483673095703,0.004795074462890625,0.009311199188232422,0.01564478874206543
average dataloading time per epoch,0.07783055305480957,0.22382831573486328,0.49948644638061523,0.9874844551086426
