cora sage,"full batch
25,35,80","pseudo 
2 batches
25,35,80","pseudo 
4 batches
25,35,80","pseudo 
8 batches
25,35,80","pseudo 
16 batches
25,35,80"
final layer output nodes/pure train time,384.81088842302273,216.03809494376668,130.78640103541753,76.3559738471527,50.264461648305925
all layers input nodes//pure train time,12017.094315610397,10249.464475832132,8630.968279758732,6791.863873704233,5306.491022585439
average train time per epoch,0.3638150691986084,0.648033857345581,1.0704476833343506,1.83351731300354,2.7852680683135986
average number of nodes for computation,4372.0,6642.0,9239.0,12453.0,14780.0
average first layer num of input nodes,2160.5,3750.5,5854.5,8316.0,10408.5
redundancy rate (first layer input),1.0,1.7363425925925926,2.7104166666666667,3.85,4.81875
average load block input feature time per epoch,0.013568401336669922,0.06847548484802246,0.18607783317565918,0.4052433967590332,0.8361637592315674
average block to device time per epoch,0.0004284381866455078,0.0008578300476074219,0.0016362667083740234,0.003970623016357422,0.006367683410644531
average dataloading time per epoch,0.01399683952331543,0.06933331489562988,0.1877140998840332,0.4092140197753906,0.8425314426422119
