cora sage,"pseudo 2 batches25,35,40,40","pseudo 4 batches25,35,40,40","pseudo 8 batches25,35,40,40","pseudo 16 batches25,35,40,40"
final layer output nodes/pure train time,7257.298793751236,3789.6749877378215,2269.917004588521,1178.1540060472423
all layers input nodes//pure train time,587219.1481115286,487595.8253865813,441028.66029865976,314743.84271552076
average train time per epoch,0.019290924072265625,0.036942481994628906,0.0616762638092041,0.11882996559143066
average number of nodes for computation,11328.0,18013.0,27201.0,37401.0
average first layer num of input nodes,4592.0,8349.0,14449.0,21939.0
redundancy rate (first layer input),1.8959537572254335,3.4471511147811724,5.965730800990917,9.058216350123864
average load block input feature time per epoch,0.007305622100830078,0.02136826515197754,0.01385807991027832,0.021047115325927734
average block to device time per epoch,0.0011508464813232422,0.0022666454315185547,0.0052411556243896484,0.010616779327392578
average dataloading time per epoch,0.00845646858215332,0.023634910583496094,0.01909923553466797,0.03166389465332031
