cora sage,"full batch 25,35,40,40,40,40","pseudo 
2 batches 
25,35,40,40,40,40","pseudo 
4 batches 
25,35,40,40,40,40","pseudo 
8 batches 
25,35,40,40,40,40","pseudo 
16 batches 
25,35,40,40,40,40"
Nvidia-smi,1.2752685546875,1.2752685546875,1.2733154296875,1.2752685546875,1.2752685546875
CUDA_mem,0.020312786102294922,0.01969146728515625,0.01896190643310547,0.018096446990966797,0.012484550476074219
CUDA_max_mem,0.028876304626464844,0.028873920440673828,0.028872013092041016,0.028871536254882812,0.02673482894897461
epoch_time,0.05338644981384277,0.16623640060424805,0.2861917018890381,0.37247395515441895,0.7238185405731201
pure train_time per epoch,0.013747215270996094,0.029932737350463867,0.06475543975830078,0.08655238151550293,0.22172164916992188
connect checking time per epoch: ,,0.047493696212768555,0.0711829662322998,0.10468101501464844,0.16331148147583008
block generation time per epoch: ,,0.039484262466430664,0.06472921371459961,0.11048483848571777,0.19532251358032227
batches generation time per epoch: ,,0.019742131233215332,0.016182303428649902,0.013810604810714722,0.012207657098770142
first layer input nodes number per epoch,2524.0,5012.0,9836.0,19173.0,36522.0
first layer num_input nodes * in_feats per epoch,3616892.0,7182196.0,14094988.0,27474909.0,52336026.0
logged input_features_size transfer (pointers* Bytes),144.0,288.0,576.0,1152.0,2304.0
logged block_size_to_device transfer (pointers*  Bytes),128.0,256.0,512.0,1024.0,2048.0
load block tensor time per epoch,0.011276006698608398,0.0184481143951416,0.01768779754638672,0.01902461051940918,0.056066274642944336
block to device time per epoch,0.0008366107940673828,0.003348112106323242,0.0058176517486572266,0.007656574249267578,0.01570606231689453
