cora sage,"full batch
25,35,40,40,40,40","pseudo 
2 batches
25,35,40,40,40,40","pseudo 
4 batches
25,35,40,40,40,40","pseudo 
8 batches
25,35,40,40,40,40","pseudo 
16 batches
25,35,40,40,40,40"
final layer output nodes/pure train time,10183.880679847382,4677.153257345854,2161.980530478196,1617.5175951100057,631.4223285102283
all layers input nodes//pure train time,861047.1114810961,715571.0401363632,578777.630727088,735496.8041936274,479520.1569086248
average train time per epoch,0.013747215270996094,0.029932737350463867,0.06475543975830078,0.08655238151550293,0.22172164916992188
average number of nodes for computation,11837.0,21419.0,37479.0,63659.0,106320.0
average first layer num of input nodes,2525.5,5005.0,9836.5,19119.0,36451.5
redundancy rate (first layer input),1.0,1.9821782178217822,3.8956435643564356,7.5718811881188115,14.436237623762377
average load block input feature time per epoch,0.011276006698608398,0.0184481143951416,0.01768779754638672,0.01902461051940918,0.056066274642944336
average block to device time per epoch,0.0008366107940673828,0.003348112106323242,0.0058176517486572266,0.007656574249267578,0.01570606231689453
average dataloading time per epoch,0.012112617492675781,0.021796226501464844,0.023505449295043945,0.026681184768676758,0.07177233695983887
