cora sage,"full batch
25,35,40,40","pseudo 
2 batches
25,35,40,40","pseudo 
4 batches
25,35,40,40","pseudo 
8 batches
25,35,40,40","pseudo 
16 batches
25,35,40,40"
final layer output nodes/pure train time,263.94412248176513,146.9780057083886,80.65996929934512,48.41590798642975,28.45393559534028
all layers input nodes//pure train time,12878.587861949554,11929.364849031568,10569.912834041326,9417.931587103154,7739.063997138337
average train time per epoch,0.5304152965545654,0.9525234699249268,1.7356812953948975,2.8916115760803223,4.920233249664307
average number of nodes for computation,6831.0,11363.0,18346.0,27233.0,38078.0
average first layer num of input nodes,2423.5,4565.0,8439.5,14289.5,22104.5
redundancy rate (first layer input),1.0,1.8840280643829963,3.4830788278992983,5.897441188609162,9.12278167560875
average load block input feature time per epoch,0.004254579544067383,0.07662153244018555,0.21606802940368652,0.45979809761047363,0.9030520915985107
average block to device time per epoch,0.0009551048278808594,0.001341104507446289,0.003266572952270508,0.005362033843994141,0.00955820083618164
average dataloading time per epoch,0.005209684371948242,0.07796263694763184,0.21933460235595703,0.4651601314544678,0.9126102924346924
