cora sage,"full batch 25,35,40,40","pseudo 
2 batches 
25,35,40,40","pseudo 
4 batches 
25,35,40,40","pseudo 
8 batches 
25,35,40,40","pseudo 
16 batches 
25,35,40,40"
Nvidia-smi,2.4705810546875,2.3514404296875,2.2537841796875,2.1385498046875,2.0350341796875
CUDA_mem,1.057701587677002,0.9686198234558105,0.8663740158081055,0.6268672943115234,0.3747096061706543
CUDA_max_mem,1.1172752380371094,1.0962152481079102,1.0015382766723633,0.882103443145752,0.8006458282470703
epoch_time,0.6353113651275635,1.1396079063415527,2.114753246307373,3.697812080383301,6.041777849197388
pure train_time per epoch,0.5200090408325195,0.945765495300293,1.737215518951416,2.9598796367645264,4.860250473022461
connect checking time per epoch: ,,0.016423463821411133,0.02657794952392578,0.07800912857055664,0.04758930206298828
block generation time per epoch: ,,0.017553329467773438,0.03101944923400879,0.0522150993347168,0.07991647720336914
batches generation time per epoch: ,,0.008776664733886719,0.007754862308502197,0.0065268874168396,0.004994779825210571
first layer input nodes number per epoch,2415.0,4591.0,8428.0,14272.0,21308.0
first layer num_input nodes * in_feats per epoch,3460695.0,6578903.0,12077324.0,20451776.0,30534364.0
logged input_features_size transfer (pointers* Bytes),144.0,288.0,576.0,1152.0,2304.0
logged block_size_to_device transfer (pointers*  Bytes),96.0,192.0,384.0,768.0,1536.0
load block tensor time per epoch,0.009524822235107422,0.07532310485839844,0.21669316291809082,0.4582817554473877,0.8901059627532959
block to device time per epoch,0.0013020038604736328,0.0012958049774169922,0.003636598587036133,0.005900144577026367,0.009491205215454102
