cora sage,"full batch 25,35,40,40,40,40","pseudo 
2 batches 
25,35,40,40,40,40","pseudo 
4 batches 
25,35,40,40,40,40","pseudo 
8 batches 
25,35,40,40,40,40","pseudo 
16 batches 
25,35,40,40,40,40"
Nvidia-smi,2.6678466796875,2.6561279296875,2.6268310546875,2.5565185546875,2.5428466796875
CUDA_mem,1.2454276084899902,1.2174673080444336,1.185720443725586,1.0833415985107422,1.0361652374267578
CUDA_max_mem,1.2456650733947754,1.2236785888671875,1.2137880325317383,1.185624122619629,1.1704845428466797
epoch_time,0.9036273956298828,2.064394474029541,3.45798921585083,6.067776679992676,11.271527528762817
pure train_time per epoch,0.8195176124572754,1.801983118057251,2.9604780673980713,5.142319202423096,9.555095434188843
connect checking time per epoch: ,,0.0401613712310791,0.0777122974395752,0.11578726768493652,0.18449687957763672
block generation time per epoch: ,,0.03930521011352539,0.06949591636657715,0.1206827163696289,0.2046971321105957
batches generation time per epoch: ,,0.019652605056762695,0.017373979091644287,0.015085339546203613,0.012793570756912231
first layer input nodes number per epoch,2526.0,4972.0,9752.0,19128.0,36349.0
first layer num_input nodes * in_feats per epoch,3619758.0,7124876.0,13974616.0,27410424.0,52088117.0
logged input_features_size transfer (pointers* Bytes),144.0,288.0,576.0,1152.0,2304.0
logged block_size_to_device transfer (pointers*  Bytes),128.0,256.0,512.0,1024.0,2048.0
load block tensor time per epoch,0.014161348342895508,0.08260488510131836,0.21281957626342773,0.49994730949401855,1.0296528339385986
block to device time per epoch,0.0008296966552734375,0.003958940505981445,0.006024360656738281,0.012140750885009766,0.017937660217285156
