cora sage,"full batch
25,35,40,40,40,40","pseudo 
2 batches
25,35,40,40,40,40","pseudo 
4 batches
25,35,40,40,40,40","pseudo 
8 batches
25,35,40,40,40,40","pseudo 
16 batches
25,35,40,40,40,40"
final layer output nodes/pure train time,170.83220405747988,77.69218179520817,47.28965957955714,27.225069951711877,14.651868310919175
all layers input nodes//pure train time,14447.523543146872,11752.607328992275,12553.715701958865,12507.002671031067,10992.35488786267
average train time per epoch,0.8195176124572754,1.801983118057251,2.9604780673980713,5.142319202423096,9.555095434188843
average number of nodes for computation,11840.0,21178.0,37165.0,64315.0,105033.0
average first layer num of input nodes,2524.0,4975.5,9768.5,19100.5,36693.5
redundancy rate (first layer input),1.0,1.9712757527733755,3.870245641838352,7.567551505546751,14.53783676703645
average load block input feature time per epoch,0.014161348342895508,0.08260488510131836,0.21281957626342773,0.49994730949401855,1.0296528339385986
average block to device time per epoch,0.0008296966552734375,0.003958940505981445,0.006024360656738281,0.012140750885009766,0.017937660217285156
average dataloading time per epoch,0.014991044998168945,0.0865638256072998,0.21884393692016602,0.5120880603790283,1.0475904941558838
