cora sage,"full batch 25,35,40,40,40,40","pseudo 
2 batches 
25,35,40,40,40,40","pseudo 
4 batches 
25,35,40,40,40,40","pseudo 
8 batches 
25,35,40,40,40,40","pseudo 
16 batches 
25,35,40,40,40,40"
Nvidia-smi,1.2908935546875,1.2947998046875,1.2928466796875,1.2947998046875,1.2967529296875
CUDA_mem,0.03951263427734375,0.03731822967529297,0.03520536422729492,0.031143665313720703,0.022172927856445312
CUDA_max_mem,0.039809226989746094,0.03749275207519531,0.03558635711669922,0.034142494201660156,0.03383636474609375
epoch_time,0.0442507266998291,0.16173243522644043,0.2697107791900635,0.4079773426055908,0.7367517948150635
pure train_time per epoch,0.018591880798339844,0.027264833450317383,0.07309770584106445,0.11291146278381348,0.22701334953308105
connect checking time per epoch: ,,0.05341386795043945,0.07132649421691895,0.10038042068481445,0.16566920280456543
block generation time per epoch: ,,0.0431668758392334,0.06466817855834961,0.11221075057983398,0.19472384452819824
batches generation time per epoch: ,,0.0215834379196167,0.016167044639587402,0.014026343822479248,0.01217024028301239
first layer input nodes number per epoch,2522.0,5017.0,9819.0,19096.0,36405.0
first layer num_input nodes * in_feats per epoch,3614026.0,7189361.0,14070627.0,27364568.0,52168365.0
logged input_features_size transfer (pointers* Bytes),144.0,288.0,576.0,1152.0,2304.0
logged block_size_to_device transfer (pointers*  Bytes),128.0,256.0,512.0,1024.0,2048.0
load block tensor time per epoch,0.007303476333618164,0.008268117904663086,0.01821160316467285,0.03052043914794922,0.05445599555969238
block to device time per epoch,0.0014684200286865234,0.001901865005493164,0.006588459014892578,0.00670313835144043,0.015788555145263672
