cora sage,"full batch
25,35,40,40,40,40","pseudo 
2 batches
25,35,40,40,40,40","pseudo 
4 batches
25,35,40,40,40,40","pseudo 
8 batches
25,35,40,40,40,40","pseudo 
16 batches
25,35,40,40,40,40"
final layer output nodes/pure train time,7530.168761220826,5134.819556301757,1915.2447862645713,1239.9095410538762,616.7038206693602
all layers input nodes//pure train time,637590.1463965119,780235.8315800519,515693.33902163774,572058.8362553712,466377.85935391317
average train time per epoch,0.018591880798339844,0.027264833450317383,0.07309770584106445,0.11291146278381348,0.22701334953308105
average number of nodes for computation,11854.0,21273.0,37696.0,64592.0,105874.0
average first layer num of input nodes,2524.0,4999.0,9819.0,19145.5,36665.5
redundancy rate (first layer input),1.0,1.9805863708399367,3.8902535657686212,7.585380348652932,14.52674326465927
average load block input feature time per epoch,0.007303476333618164,0.008268117904663086,0.01821160316467285,0.03052043914794922,0.05445599555969238
average block to device time per epoch,0.0014684200286865234,0.001901865005493164,0.006588459014892578,0.00670313835144043,0.015788555145263672
average dataloading time per epoch,0.008771896362304688,0.01016998291015625,0.02480006217956543,0.03722357749938965,0.07024455070495605
