cora sage,"full batch 25,35,40,40","pseudo 
2 batches 
25,35,40,40","pseudo 
4 batches 
25,35,40,40","pseudo 
8 batches 
25,35,40,40","pseudo 
16 batches 
25,35,40,40"
Nvidia-smi,1.2908935546875,1.2869873046875,1.2869873046875,1.2889404296875,1.2928466796875
CUDA_mem,0.027617931365966797,0.02509021759033203,0.022459030151367188,0.018318653106689453,0.01299428939819336
CUDA_max_mem,0.03306770324707031,0.031415462493896484,0.029732704162597656,0.027324199676513672,0.022973060607910156
epoch_time,0.05706954002380371,0.09304976463317871,0.1396956443786621,0.2022547721862793,0.34649205207824707
pure train_time per epoch,0.01162576675415039,0.02319955825805664,0.04213118553161621,0.06500935554504395,0.11548781394958496
connect checking time per epoch: ,,0.021675825119018555,0.0263216495513916,0.03362870216369629,0.05095791816711426
block generation time per epoch: ,,0.020627975463867188,0.02989506721496582,0.047612905502319336,0.08031201362609863
batches generation time per epoch: ,,0.010313987731933594,0.007473766803741455,0.005951613187789917,0.0050195008516311646
first layer input nodes number per epoch,2417.0,4669.0,8286.0,14196.0,21560.0
first layer num_input nodes * in_feats per epoch,3463561.0,6690677.0,11873838.0,20342868.0,30895480.0
logged input_features_size transfer (pointers* Bytes),144.0,288.0,576.0,1152.0,2304.0
logged block_size_to_device transfer (pointers*  Bytes),96.0,192.0,384.0,768.0,1536.0
load block tensor time per epoch,0.002694368362426758,0.006796598434448242,0.010074615478515625,0.015045642852783203,0.03137350082397461
block to device time per epoch,0.0007259845733642578,0.0013821125030517578,0.0032956600189208984,0.0056400299072265625,0.009745359420776367
