cora sage,"pseudo 2 batches25,35,40,40","pseudo 4 batches25,35,40,40","pseudo 8 batches25,35,40,40","pseudo 16 batches25,35,40,40"
final layer output nodes/pure train time,8855.681968993184,3972.6311801477555,2031.0205211039129,1216.765597511775
all layers input nodes//pure train time,702571.8544971949,510568.2344599897,387968.44139915676,326588.57755499973
average train time per epoch,0.015809059143066406,0.035241127014160156,0.06893086433410645,0.11505913734436035
average number of nodes for computation,11107.0,17993.0,26743.0,37577.0
average first layer num of input nodes,4577.5,8426.0,14375.5,22670.0
redundancy rate (first layer input),1.8915289256198347,3.481818181818182,5.940289256198347,9.367768595041323
average load block input feature time per epoch,0.007888317108154297,0.013240575790405273,0.021161556243896484,0.021592378616333008
average block to device time per epoch,0.001123666763305664,0.001986265182495117,0.004297971725463867,0.010225772857666016
average dataloading time per epoch,0.009011983871459961,0.01522684097290039,0.02545952796936035,0.03181815147399902
