cora sage,"pseudo 2 batches25,35,40,40,40,40","pseudo 4 batches25,35,40,40,40,40","pseudo 8 batches25,35,40,40,40,40","pseudo 16 batches25,35,40,40,40,40"
final layer output nodes/pure train time,89.22320838694502,43.35204013944353,26.21281318863019,14.51560258559527
all layers input nodes//pure train time,13536.435329562231,11634.758601137943,12165.553835223189,11158.973170551975
average train time per epoch,1.5690984725952148,3.229375123977661,5.340899467468262,9.644794225692749
average number of nodes for computation,21240.0,37573.0,64975.0,107626.0
average first layer num of input nodes,4987.5,9769.0,19134.0,36431.0
redundancy rate (first layer input),1.9775971451229184,3.873513084853291,7.586835844567803,14.44528152260111
average load block input feature time per epoch,0.07515645027160645,0.22085905075073242,0.49794912338256836,1.0365111827850342
average block to device time per epoch,0.002363920211791992,0.0053863525390625,0.011124134063720703,0.020995140075683594
average dataloading time per epoch,0.07752037048339844,0.22624540328979492,0.5090732574462891,1.0575063228607178
