cora sage,"full batch 25,35,40,40","pseudo 
2 batches 
25,35,40,40","pseudo 
4 batches 
25,35,40,40","pseudo 
8 batches 
25,35,40,40","pseudo 
16 batches 
25,35,40,40"
Nvidia-smi,2.4822998046875,2.3494873046875,2.2772216796875,2.1893310546875,2.0428466796875
CUDA_mem,1.0693717002868652,0.9932351112365723,0.8589496612548828,0.6244492530822754,0.4593315124511719
CUDA_max_mem,1.11726713180542,1.0850181579589844,1.01265287399292,0.9385380744934082,0.7951936721801758
epoch_time,0.5898041725158691,1.1510992050170898,2.073387622833252,3.629220724105835,6.016769647598267
pure train_time per epoch,0.5126163959503174,0.9431157112121582,1.6872425079345703,2.9568121433258057,4.816618204116821
connect checking time per epoch: ,,0.017655372619628906,0.024168014526367188,0.03842663764953613,0.049837350845336914
block generation time per epoch: ,,0.01986217498779297,0.030632972717285156,0.049065589904785156,0.08032917976379395
batches generation time per epoch: ,,0.009931087493896484,0.007658243179321289,0.0061331987380981445,0.005020573735237122
first layer input nodes number per epoch,2418.0,4611.0,8333.0,14015.0,21799.0
first layer num_input nodes * in_feats per epoch,3464994.0,6607563.0,11941189.0,20083495.0,31237967.0
logged input_features_size transfer (pointers* Bytes),144.0,288.0,576.0,1152.0,2304.0
logged block_size_to_device transfer (pointers*  Bytes),96.0,192.0,384.0,768.0,1536.0
load block tensor time per epoch,0.004082679748535156,0.08019852638244629,0.21697068214416504,0.4556894302368164,0.9048411846160889
block to device time per epoch,0.00058746337890625,0.001424551010131836,0.01147150993347168,0.005799055099487305,0.010312557220458984
