cora sage,"full batch
25,35,40,40,40","pseudo 
2 batches
25,35,40,40,40","pseudo 
4 batches
25,35,40,40,40","pseudo 
8 batches
25,35,40,40,40","pseudo 
16 batches
25,35,40,40,40"
final layer output nodes/pure train time,211.51534668265992,114.1539290592412,54.60970182879394,33.69879571519844,19.120659922994744
all layers input nodes//pure train time,14055.194787062752,13113.840293284116,10592.331808292138,10979.549055379011,9594.473997074148
average train time per epoch,0.6618905067443848,1.2264142036437988,2.5636470317840576,4.154451131820679,7.321923017501831
average number of nodes for computation,9303.0,16083.0,27155.0,45614.0,70250.0
average first layer num of input nodes,2493.5,4882.5,9394.5,17812.5,31936.0
redundancy rate (first layer input),1.0,1.9584837545126355,3.7683513838748497,7.145006016847172,12.81026875250702
average load block input feature time per epoch,0.007922172546386719,0.07748532295227051,0.2154691219329834,0.4885590076446533,0.983234167098999
average block to device time per epoch,0.0008077621459960938,0.002601146697998047,0.003367185592651367,0.007215261459350586,0.016752243041992188
average dataloading time per epoch,0.008729934692382812,0.08008646965026855,0.21883630752563477,0.4957742691040039,0.9999864101409912
