cora sage,"full batch 25,35,40,40,40","pseudo 
2 batches 
25,35,40,40,40","pseudo 
4 batches 
25,35,40,40,40","pseudo 
8 batches 
25,35,40,40,40","pseudo 
16 batches 
25,35,40,40,40"
Nvidia-smi,2.6170654296875,2.5272216796875,2.4901123046875,2.4608154296875,2.3533935546875
CUDA_mem,1.1952590942382812,1.174046516418457,1.0942277908325195,0.9805417060852051,0.7187705039978027
CUDA_max_mem,1.1954965591430664,1.1786961555480957,1.152693748474121,1.1312036514282227,1.053511142730713
epoch_time,0.7426424026489258,1.4651765823364258,3.0045559406280518,4.951208114624023,8.779183387756348
pure train_time per epoch,0.6618905067443848,1.2264142036437988,2.5636470317840576,4.154451131820679,7.321923017501831
connect checking time per epoch: ,,0.03516578674316406,0.0453188419342041,0.0714116096496582,0.10924434661865234
block generation time per epoch: ,,0.03090071678161621,0.04829573631286621,0.08373808860778809,0.13892579078674316
batches generation time per epoch: ,,0.015450358390808105,0.012073934078216553,0.01046726107597351,0.008682861924171448
first layer input nodes number per epoch,2490.0,4870.0,9336.0,17862.0,31871.0
first layer num_input nodes * in_feats per epoch,3568170.0,6978710.0,13378488.0,25596246.0,45671143.0
logged input_features_size transfer (pointers* Bytes),144.0,288.0,576.0,1152.0,2304.0
logged block_size_to_device transfer (pointers*  Bytes),128.0,256.0,512.0,1024.0,2048.0
load block tensor time per epoch,0.007922172546386719,0.07748532295227051,0.2154691219329834,0.4885590076446533,0.983234167098999
block to device time per epoch,0.0008077621459960938,0.002601146697998047,0.003367185592651367,0.007215261459350586,0.016752243041992188
