cora sage,"full batch 25,35,40,40","pseudo 
2 batches 
25,35,40,40","pseudo 
4 batches 
25,35,40,40","pseudo 
8 batches 
25,35,40,40","pseudo 
16 batches 
25,35,40,40"
Nvidia-smi,1.2772216796875,1.2772216796875,1.2733154296875,1.2869873046875,1.2850341796875
CUDA_mem,0.020971298217773438,0.01882648468017578,0.01711130142211914,0.01364755630493164,0.008547306060791016
CUDA_max_mem,0.030361175537109375,0.027742862701416016,0.026450634002685547,0.02335214614868164,0.02033853530883789
epoch_time,0.04325270652770996,0.08918166160583496,0.1369025707244873,0.2178175449371338,0.37212538719177246
pure train_time per epoch,0.012641191482543945,0.01816391944885254,0.03724384307861328,0.06201362609863281,0.14445877075195312
connect checking time per epoch: ,,0.021335363388061523,0.02401113510131836,0.04525589942932129,0.04822969436645508
block generation time per epoch: ,,0.019982099533081055,0.02906656265258789,0.04955244064331055,0.07856297492980957
batches generation time per epoch: ,,0.009991049766540527,0.007266640663146973,0.006194055080413818,0.004910185933113098
first layer input nodes number per epoch,2425.0,4632.0,8430.0,14583.0,22478.0
first layer num_input nodes * in_feats per epoch,3475025.0,6637656.0,12080190.0,20897439.0,32210974.0
logged input_features_size transfer (pointers* Bytes),144.0,288.0,576.0,1152.0,2304.0
logged block_size_to_device transfer (pointers*  Bytes),96.0,192.0,384.0,768.0,1536.0
load block tensor time per epoch,0.009330272674560547,0.007624149322509766,0.014475584030151367,0.022524595260620117,0.03509068489074707
block to device time per epoch,0.0007088184356689453,0.001539468765258789,0.002836942672729492,0.004435062408447266,0.009314298629760742
