cora sage,"full batch
25,35,40,40","pseudo 
2 batches
25,35,40,40","pseudo 
4 batches
25,35,40,40","pseudo 
8 batches
25,35,40,40","pseudo 
16 batches
25,35,40,40"
final layer output nodes/pure train time,11074.905414835632,7707.587582857518,3759.0105753719304,2257.5683572724756,969.1346483931447
all layers input nodes//pure train time,538952.3613662511,627287.5208505611,482227.3566691419,445724.62116691784,264435.3112044152
average train time per epoch,0.012641191482543945,0.01816391944885254,0.03724384307861328,0.06201362609863281,0.14445877075195312
average number of nodes for computation,6813.0,11394.0,17960.0,27641.0,38200.0
average first layer num of input nodes,2425.0,4634.0,8440.5,14261.5,22433.5
redundancy rate (first layer input),1.0,1.9109278350515464,3.480618556701031,5.881030927835051,9.250927835051547
average load block input feature time per epoch,0.009330272674560547,0.007624149322509766,0.014475584030151367,0.022524595260620117,0.03509068489074707
average block to device time per epoch,0.0007088184356689453,0.001539468765258789,0.002836942672729492,0.004435062408447266,0.009314298629760742
average dataloading time per epoch,0.010039091110229492,0.009163618087768555,0.01731252670288086,0.026959657669067383,0.04440498352050781
