cora sage,"full batch
25,35,80","pseudo 
2 batches
25,35,80","pseudo 
4 batches
25,35,80","pseudo 
8 batches
25,35,80","pseudo 
16 batches
25,35,80"
final layer output nodes/pure train time,366.9749943129123,217.99204659188445,126.10357542451321,74.07666775535682,47.86564420053433
all layers input nodes//pure train time,11444.377322644108,10016.73454089709,8464.252130458219,6535.678572244053,5052.218745366398
average train time per epoch,0.3814973831176758,0.6422252655029297,1.1101984977722168,1.8899338245391846,2.924853563308716
average number of nodes for computation,4366.0,6433.0,9397.0,12352.0,14777.0
average first layer num of input nodes,2154.0,3713.0,5928.5,8364.5,10392.5
redundancy rate (first layer input),1.0,1.7237697307335191,2.7523212627669453,3.8832404828226554,4.824744661095636
average load block input feature time per epoch,0.010736942291259766,0.0690007209777832,0.18509483337402344,0.40576863288879395,0.827749490737915
average block to device time per epoch,0.0006890296936035156,0.0008249282836914062,0.001779317855834961,0.0032126903533935547,0.0066912174224853516
average dataloading time per epoch,0.011425971984863281,0.06982564926147461,0.1868741512298584,0.4089813232421875,0.8344407081604004
