cora sage,"pseudo 2 batches25,35,40,40,40","pseudo 4 batches25,35,40,40,40","pseudo 8 batches25,35,40,40,40","pseudo 16 batches25,35,40,40,40"
final layer output nodes/pure train time,6091.123305291329,2837.4264190694325,1770.8426242856497,988.0923943131088
all layers input nodes//pure train time,712704.9347426947,565053.2040261127,565923.3560940303,475773.54566457844
average train time per epoch,0.02298426628112793,0.04934048652648926,0.07905840873718262,0.14168715476989746
average number of nodes for computation,16381.0,27880.0,44741.0,67411.0
average first layer num of input nodes,4915.0,9514.0,17908.0,31513.0
redundancy rate (first layer input),1.9699398797595191,3.8132264529058117,7.177555110220441,12.630460921843687
average load block input feature time per epoch,0.004512310028076172,0.0149383544921875,0.028676986694335938,0.04486083984375
average block to device time per epoch,0.0017533302307128906,0.003287792205810547,0.006459951400756836,0.011436223983764648
average dataloading time per epoch,0.0062656402587890625,0.018226146697998047,0.03513693809509277,0.05629706382751465
