cora sage,"pseudo 2 batches25,35,40,40","pseudo 4 batches25,35,40,40","pseudo 8 batches25,35,40,40","pseudo 16 batches25,35,40,40"
final layer output nodes/pure train time,148.44413928812853,82.97562403840827,47.34829039308828,29.06603639049911
all layers input nodes//pure train time,11950.813527974975,10455.521311868288,8927.520153616795,7616.339607038999
average train time per epoch,0.9431157112121582,1.6872425079345703,2.9568121433258057,4.816618204116821
average number of nodes for computation,11271.0,17641.0,26397.0,36685.0
average first layer num of input nodes,4605.5,8396.0,14245.5,22027.5
redundancy rate (first layer input),1.9046732837055418,3.4722911497105047,5.891439205955335,9.109801488833748
average load block input feature time per epoch,0.08019852638244629,0.21697068214416504,0.4556894302368164,0.9048411846160889
average block to device time per epoch,0.001424551010131836,0.01147150993347168,0.005799055099487305,0.010312557220458984
average dataloading time per epoch,0.08162307739257812,0.22844219207763672,0.4614884853363037,0.9151537418365479
