cora sage,"full batch 25,35,40,40,40,40","pseudo 
2 batches 
25,35,40,40,40,40","pseudo 
4 batches 
25,35,40,40,40,40","pseudo 
8 batches 
25,35,40,40,40,40","pseudo 
16 batches 
25,35,40,40,40,40"
Nvidia-smi,1.2908935546875,1.2947998046875,1.2947998046875,1.2947998046875,1.2967529296875
CUDA_mem,0.03951263427734375,0.03670215606689453,0.033458709716796875,0.030173778533935547,0.026978015899658203
CUDA_max_mem,0.039809226989746094,0.03739356994628906,0.03538703918457031,0.034085750579833984,0.03256034851074219
epoch_time,0.0442507266998291,0.1592559814453125,0.22760581970214844,0.40673184394836426,0.7236042022705078
pure train_time per epoch,0.018591880798339844,0.031066179275512695,0.05441427230834961,0.10805869102478027,0.22109198570251465
connect checking time per epoch: ,,0.046012163162231445,0.06227874755859375,0.10388612747192383,0.16557002067565918
block generation time per epoch: ,,0.03904008865356445,0.06325840950012207,0.1139059066772461,0.19394707679748535
batches generation time per epoch: ,,0.019520044326782227,0.015814602375030518,0.014238238334655762,0.012121692299842834
first layer input nodes number per epoch,2522.0,4941.0,9768.0,19095.0,36533.0
first layer num_input nodes * in_feats per epoch,3614026.0,7080453.0,13997544.0,27363135.0,52351789.0
logged input_features_size transfer (pointers* Bytes),144.0,288.0,576.0,1152.0,2304.0
logged block_size_to_device transfer (pointers*  Bytes),128.0,256.0,512.0,1024.0,2048.0
load block tensor time per epoch,0.007303476333618164,0.0070819854736328125,0.015157699584960938,0.027010440826416016,0.055995941162109375
block to device time per epoch,0.0014684200286865234,0.0030133724212646484,0.003359079360961914,0.008261442184448242,0.014724969863891602
