cora sage,"pseudo 2 batches25,35,40,40","pseudo 4 batches25,35,40,40","pseudo 8 batches25,35,40,40","pseudo 16 batches25,35,40,40"
final layer output nodes/pure train time,149.08033927815674,82.01400489176768,47.040680638510366,28.236325085239958
all layers input nodes//pure train time,11981.799839698713,10554.616615249846,9194.437035658555,7660.7166836619235
average train time per epoch,0.9390909671783447,1.7070255279541016,2.976147413253784,4.9581522941589355
average number of nodes for computation,11252.0,18017.0,27364.0,37983.0
average first layer num of input nodes,4614.5,8397.5,14529.5,22197.5
redundancy rate (first layer input),1.9083953680727874,3.4729114971050454,6.00889164598842,9.18010752688172
average load block input feature time per epoch,0.07845711708068848,0.21123671531677246,0.4585590362548828,0.8895711898803711
average block to device time per epoch,0.0015871524810791016,0.003513813018798828,0.005661487579345703,0.009947061538696289
average dataloading time per epoch,0.08004426956176758,0.2147505283355713,0.4642205238342285,0.8995182514190674
