cora sage,"pseudo 2 batches25,35,40,40","pseudo 4 batches25,35,40,40","pseudo 8 batches25,35,40,40","pseudo 16 batches25,35,40,40"
final layer output nodes/pure train time,148.35083201918448,80.52376421175848,44.223440671108875,29.48651753443372
all layers input nodes//pure train time,11928.466543142567,10425.526786445243,8442.254824114683,7751.794841820236
average train time per epoch,0.9437088966369629,1.738617181777954,3.1657419204711914,4.74793267250061
average number of nodes for computation,11257.0,18126.0,26726.0,36805.0
average first layer num of input nodes,4606.5,8414.5,14252.5,21751.5
redundancy rate (first layer input),1.9003712871287128,3.471328382838284,5.879744224422442,8.973391089108912
average load block input feature time per epoch,0.07761025428771973,0.19411969184875488,0.4592559337615967,0.8992080688476562
average block to device time per epoch,0.0014102458953857422,0.0029435157775878906,0.005829811096191406,0.010591745376586914
average dataloading time per epoch,0.07902050018310547,0.19706320762634277,0.4650857448577881,0.9097998142242432
