cora sage,"full batch 25,35,40,40,40,40","pseudo 
2 batches 
25,35,40,40,40,40","pseudo 
4 batches 
25,35,40,40,40,40","pseudo 
8 batches 
25,35,40,40,40,40","pseudo 
16 batches 
25,35,40,40,40,40"
Nvidia-smi,2.7713623046875,2.7615966796875,2.6854248046875,2.6072998046875,2.6014404296875
CUDA_mem,1.3841428756713867,1.3356118202209473,1.2792668342590332,1.1876683235168457,1.0239338874816895
CUDA_max_mem,1.384596824645996,1.3480939865112305,1.3091506958007812,1.2268900871276855,1.1968607902526855
epoch_time,0.9122180938720703,1.8684213161468506,3.51336407661438,6.323616027832031,11.26186490058899
pure train_time per epoch,0.829566240310669,1.6214747428894043,3.0213258266448975,5.4045631885528564,9.493873119354248
connect checking time per epoch: ,,0.0356752872467041,0.07089972496032715,0.10874223709106445,0.19687700271606445
block generation time per epoch: ,,0.03836965560913086,0.0701456069946289,0.1189875602722168,0.20724201202392578
batches generation time per epoch: ,,0.01918482780456543,0.017536401748657227,0.0148734450340271,0.012952625751495361
first layer input nodes number per epoch,2528.0,5000.0,9784.0,19119.0,36917.0
first layer num_input nodes * in_feats per epoch,3622624.0,7165000.0,14020472.0,27397527.0,52902061.0
logged input_features_size transfer (pointers* Bytes),144.0,288.0,576.0,1152.0,2304.0
logged block_size_to_device transfer (pointers*  Bytes),128.0,256.0,512.0,1024.0,2048.0
load block tensor time per epoch,0.012553215026855469,0.07561922073364258,0.21755290031433105,0.49671030044555664,1.0696260929107666
block to device time per epoch,0.0008623600006103516,0.0023097991943359375,0.004853487014770508,0.010497808456420898,0.021564006805419922
