cora sage,"full batch 25,35,40,40,40,40","pseudo 
2 batches 
25,35,40,40,40,40","pseudo 
4 batches 
25,35,40,40,40,40","pseudo 
8 batches 
25,35,40,40,40,40","pseudo 
16 batches 
25,35,40,40,40,40"
Nvidia-smi,3.0291748046875,2.9783935546875,2.8533935546875,2.7420654296875,2.6600341796875
CUDA_mem,1.6796751022338867,1.5930299758911133,1.5018010139465332,1.3935341835021973,1.110520362854004
CUDA_max_mem,1.6805667877197266,1.5959386825561523,1.5342187881469727,1.452127456665039,1.3487777709960938
epoch_time,1.0518136024475098,2.08030104637146,3.5174710750579834,6.566562175750732,11.727893352508545
pure train_time per epoch,0.9726812839508057,1.850870132446289,3.0290064811706543,5.626091957092285,9.919020414352417
connect checking time per epoch: ,,0.03835773468017578,0.06947159767150879,0.11414289474487305,0.24512147903442383
block generation time per epoch: ,,0.03791618347167969,0.06823897361755371,0.12074613571166992,0.20817184448242188
batches generation time per epoch: ,,0.018958091735839844,0.017059743404388428,0.01509326696395874,0.013010740280151367
first layer input nodes number per epoch,2525.0,4971.0,9854.0,19230.0,36755.0
first layer num_input nodes * in_feats per epoch,3618325.0,7123443.0,14120782.0,27556590.0,52669915.0
logged input_features_size transfer (pointers* Bytes),144.0,288.0,576.0,1152.0,2304.0
logged block_size_to_device transfer (pointers*  Bytes),128.0,256.0,512.0,1024.0,2048.0
load block tensor time per epoch,0.006585597991943359,0.05481362342834473,0.21194028854370117,0.5015759468078613,1.0422186851501465
block to device time per epoch,0.0011310577392578125,0.002792835235595703,0.004693031311035156,0.011052131652832031,0.021936416625976562
