cora sage,"pseudo 2 batches25,70,80","pseudo 4 batches25,70,80","pseudo 8 batches25,70,80","pseudo 16 batches25,70,80"
final layer output nodes/pure train time,11475.972482801752,4120.719719298246,2670.049199261556,1495.1851276580035
all layers input nodes//pure train time,566503.1844903064,297692.56600701757,264487.4449668519,180853.32108400448
average train time per epoch,0.01219940185546875,0.033974647521972656,0.05243349075317383,0.09363389015197754
average number of nodes for computation,6911.0,10114.0,13868.0,16934.0
average first layer num of input nodes,3854.5,6234.5,9100.5,11547.5
redundancy rate (first layer input),1.7568368277119417,2.841613491340018,4.147903372835005,5.263217866909754
average load block input feature time per epoch,0.006165266036987305,0.01898193359375,0.014891624450683594,0.023096084594726562
average block to device time per epoch,0.0008120536804199219,0.0023567676544189453,0.0030820369720458984,0.006634235382080078
average dataloading time per epoch,0.0069773197174072266,0.021338701248168945,0.017973661422729492,0.02973031997680664
