cora sage,"pseudo 2 batches25,35,40,40,40","pseudo 4 batches25,35,40,40,40","pseudo 8 batches25,35,40,40,40","pseudo 16 batches25,35,40,40,40"
final layer output nodes/pure train time,3847.5819049116735,3202.0381276447238,1810.2639545709583,763.2757802680032
all layers input nodes//pure train time,449837.29013995914,630847.254547834,589176.2649287551,374255.92294483824
average train time per epoch,0.03638648986816406,0.04372215270996094,0.07733678817749023,0.18341994285583496
average number of nodes for computation,16368.0,27582.0,45565.0,68646.0
average first layer num of input nodes,4903.5,9409.5,17755.0,31841.5
redundancy rate (first layer input),1.9684865515857086,3.777398635086311,7.127659574468085,12.782617422721799
average load block input feature time per epoch,0.007810831069946289,0.014119625091552734,0.026391029357910156,0.05049610137939453
average block to device time per epoch,0.0016965866088867188,0.0030677318572998047,0.0058155059814453125,0.012017965316772461
average dataloading time per epoch,0.009507417678833008,0.01718735694885254,0.03220653533935547,0.06251406669616699
