cora sage,"full batch
25,35,40,40,40,40","pseudo 
2 batches
25,35,40,40,40,40","pseudo 
4 batches
25,35,40,40,40,40","pseudo 
8 batches
25,35,40,40,40,40","pseudo 
16 batches
25,35,40,40,40,40"
final layer output nodes/pure train time,8707.682360791874,5508.053429386162,2919.488495117634,1323.7566390434367,803.0713515938271
all layers input nodes//pure train time,736918.7186475865,833525.8568212517,784362.291191854,614260.902134413,618152.7004414685
average train time per epoch,0.016077756881713867,0.025417327880859375,0.04795360565185547,0.1057596206665039,0.1743307113647461
average number of nodes for computation,11848.0,21186.0,37613.0,64964.0,107763.0
average first layer num of input nodes,2525.0,4994.0,9812.0,19226.0,36900.5
redundancy rate (first layer input),1.0,1.9778217821782178,3.885940594059406,7.614257425742574,14.614059405940594
average load block input feature time per epoch,0.006804704666137695,0.008338689804077148,0.009881973266601562,0.031148433685302734,0.056177377700805664
average block to device time per epoch,0.0008788108825683594,0.0016109943389892578,0.0037145614624023438,0.008556604385375977,0.01529550552368164
average dataloading time per epoch,0.007683515548706055,0.009949684143066406,0.013596534729003906,0.03970503807067871,0.0714728832244873
