cora sage,"full batch
25,70,80","pseudo 
2 batches
25,70,80","pseudo 
4 batches
25,70,80","pseudo 
8 batches
25,70,80","pseudo 
16 batches
25,70,80"
final layer output nodes/pure train time,13544.368685703741,11196.753870795515,5961.265748251322,2635.1924103917318,1666.8584453887663
all layers input nodes//pure train time,431388.1426396642,549600.6614293342,419119.56257169833,257759.4633421741,192164.9664898192
average train time per epoch,0.01033639907836914,0.012503623962402344,0.02348494529724121,0.05312705039978027,0.08399033546447754
average number of nodes for computation,4459.0,6872.0,9843.0,13694.0,16140.0
average first layer num of input nodes,2194.5,3883.0,6192.0,9029.0,11421.0
redundancy rate (first layer input),1.0,1.769826800364631,2.8222424794895167,4.11531449407475,5.205560619872379
average load block input feature time per epoch,0.004366874694824219,0.005891323089599609,0.006429433822631836,0.014519453048706055,0.013045787811279297
average block to device time per epoch,0.0009443759918212891,0.0008146762847900391,0.0019757747650146484,0.0031752586364746094,0.006947755813598633
average dataloading time per epoch,0.005311250686645508,0.0067059993743896484,0.008405208587646484,0.017694711685180664,0.01999354362487793
