cora sage,"pseudo 2 batches25,35,40,40,40","pseudo 4 batches25,35,40,40,40","pseudo 8 batches25,35,40,40,40","pseudo 16 batches25,35,40,40,40"
final layer output nodes/pure train time,5109.441461822928,3465.9781960700984,1369.9616683036766,771.6227002208944
all layers input nodes//pure train time,586673.3678485969,678093.877074,440746.0250147564,386963.2725700627
average train time per epoch,0.02740025520324707,0.04039263725280762,0.10219264030456543,0.18143582344055176
average number of nodes for computation,16075.0,27390.0,45041.0,70209.0
average first layer num of input nodes,4882.0,9466.5,17778.0,32080.5
redundancy rate (first layer input),1.9567134268537074,3.794188376753507,7.125450901803608,12.857915831663327
average load block input feature time per epoch,0.008471488952636719,0.00823211669921875,0.029081344604492188,0.05048727989196777
average block to device time per epoch,0.002087831497192383,0.0034987926483154297,0.008619308471679688,0.012234687805175781
average dataloading time per epoch,0.010559320449829102,0.01173090934753418,0.037700653076171875,0.06272196769714355
