cora sage,"pseudo 2 batches25,35,40,40","pseudo 4 batches25,35,40,40","pseudo 8 batches25,35,40,40","pseudo 16 batches25,35,40,40"
final layer output nodes/pure train time,143.3441817455691,80.80027146130892,46.03452621451792,25.30886573200985
all layers input nodes//pure train time,11510.537794169199,10094.839629498245,8711.047631964348,6744.812717580624
average train time per epoch,0.9766702651977539,1.7326674461364746,3.0411956310272217,5.531658411026001
average number of nodes for computation,11242.0,17491.0,26492.0,37310.0
average first layer num of input nodes,4608.0,8328.0,14300.5,21720.5
redundancy rate (first layer input),1.9049193881769326,3.4427449359239355,5.911740388590327,8.97912360479537
average load block input feature time per epoch,0.07854890823364258,0.20780205726623535,0.45716285705566406,0.8901517391204834
average block to device time per epoch,0.0013659000396728516,0.003855466842651367,0.006523847579956055,0.010376691818237305
average dataloading time per epoch,0.07991480827331543,0.21165752410888672,0.4636867046356201,0.9005284309387207
