cora sage,"pseudo 2 batches25,35,40,40,40","pseudo 4 batches25,35,40,40,40","pseudo 8 batches25,35,40,40,40","pseudo 16 batches25,35,40,40,40"
final layer output nodes/pure train time,110.45151562631962,58.78309512869257,33.4287151980953,19.368619404428763
all layers input nodes//pure train time,12815.5315702424,11661.306435779848,10830.903724182877,9741.032087613066
average train time per epoch,1.2675244808197021,2.3816370964050293,4.188016176223755,7.228186845779419
average number of nodes for computation,16244.0,27773.0,45360.0,70410.0
average first layer num of input nodes,4904.0,9430.0,17876.5,31964.0
redundancy rate (first layer input),1.9671079021259528,3.782591255515443,7.170677898114721,12.821500200561573
average load block input feature time per epoch,0.07533431053161621,0.21509504318237305,0.4891083240509033,0.9994525909423828
average block to device time per epoch,0.0017764568328857422,0.0045583248138427734,0.0071506500244140625,0.014150381088256836
average dataloading time per epoch,0.07711076736450195,0.21965336799621582,0.4962589740753174,1.0136029720306396
