cora sage,"pseudo 2 batches25,35,40,40,40,40","pseudo 4 batches25,35,40,40,40,40","pseudo 8 batches25,35,40,40,40,40","pseudo 16 batches25,35,40,40,40,40"
final layer output nodes/pure train time,86.3411537021696,46.337273115447566,25.904036110915904,14.746352541261103
all layers input nodes//pure train time,13209.579793905506,12374.368785480272,11826.67271526802,11329.938650719647
average train time per epoch,1.6214747428894043,3.0213258266448975,5.4045631885528564,9.493873119354248
average number of nodes for computation,21419.0,37387.0,63918.0,107565.0
average first layer num of input nodes,4993.5,9764.0,19102.0,36753.5
redundancy rate (first layer input),1.9752768987341771,3.8623417721518987,7.556170886075949,14.538568037974683
average load block input feature time per epoch,0.07561922073364258,0.21755290031433105,0.49671030044555664,1.0696260929107666
average block to device time per epoch,0.0023097991943359375,0.004853487014770508,0.010497808456420898,0.021564006805419922
average dataloading time per epoch,0.07792901992797852,0.22240638732910156,0.5072081089019775,1.0911900997161865
