cora sage,"full batch 25,35,40,40","pseudo 
2 batches 
25,35,40,40","pseudo 
4 batches 
25,35,40,40","pseudo 
8 batches 
25,35,40,40","pseudo 
16 batches 
25,35,40,40"
Nvidia-smi,2.5565185546875,2.4783935546875,2.3065185546875,2.1619873046875,2.0994873046875
CUDA_mem,1.1508855819702148,1.0545530319213867,0.9096179008483887,0.6733689308166504,0.41820287704467773
CUDA_max_mem,1.1513395309448242,1.1040306091308594,1.0113005638122559,0.9041056632995605,0.816469669342041
epoch_time,0.6166336536407471,1.3109965324401855,2.2338054180145264,3.654564380645752,6.116912364959717
pure train_time per epoch,0.5304152965545654,1.079256534576416,1.8533504009246826,2.965764284133911,4.907607793807983
connect checking time per epoch: ,,0.01815009117126465,0.02716350555419922,0.044775962829589844,0.05555844306945801
block generation time per epoch: ,,0.017940998077392578,0.031449317932128906,0.05151700973510742,0.08193540573120117
batches generation time per epoch: ,,0.008970499038696289,0.007862329483032227,0.006439626216888428,0.005120962858200073
first layer input nodes number per epoch,2421.0,4635.0,8481.0,14377.0,21752.0
first layer num_input nodes * in_feats per epoch,3469293.0,6641955.0,12153273.0,20602241.0,31170616.0
logged input_features_size transfer (pointers* Bytes),144.0,288.0,576.0,1152.0,2304.0
logged block_size_to_device transfer (pointers*  Bytes),96.0,192.0,384.0,768.0,1536.0
load block tensor time per epoch,0.004254579544067383,0.07607841491699219,0.21738123893737793,0.46045994758605957,0.897442102432251
block to device time per epoch,0.0009551048278808594,0.001425027847290039,0.004151821136474609,0.005671262741088867,0.010789632797241211
