cora sage,"full batch 25,35,40,40","pseudo 
2 batches 
25,35,40,40","pseudo 
4 batches 
25,35,40,40","pseudo 
8 batches 
25,35,40,40","pseudo 
16 batches 
25,35,40,40"
Nvidia-smi,1.3162841796875,1.3084716796875,1.3201904296875,1.2947998046875,1.3123779296875
CUDA_mem,0.044754981994628906,0.040096282958984375,0.03494691848754883,0.027835369110107422,0.02183675765991211
CUDA_max_mem,0.04535865783691406,0.04134321212768555,0.03952455520629883,0.03653860092163086,0.03227853775024414
epoch_time,0.04376959800720215,0.07659268379211426,0.12797784805297852,0.21570229530334473,0.3495330810546875
pure train_time per epoch,0.017278194427490234,0.016404390335083008,0.032858848571777344,0.07161664962768555,0.1331954002380371
connect checking time per epoch: ,,0.016994237899780273,0.026564836502075195,0.03654670715332031,0.04893827438354492
block generation time per epoch: ,,0.01799178123474121,0.030612707138061523,0.04751324653625488,0.07817554473876953
batches generation time per epoch: ,,0.008995890617370605,0.007653176784515381,0.00593915581703186,0.004885971546173096
first layer input nodes number per epoch,2423.0,4599.0,8485.0,14428.0,21583.0
first layer num_input nodes * in_feats per epoch,3472159.0,6590367.0,12159005.0,20675324.0,30928439.0
logged input_features_size transfer (pointers* Bytes),144.0,288.0,576.0,1152.0,2304.0
logged block_size_to_device transfer (pointers*  Bytes),96.0,192.0,384.0,768.0,1536.0
load block tensor time per epoch,0.009659290313720703,0.007260560989379883,0.012868165969848633,0.02237081527709961,0.01946258544921875
block to device time per epoch,0.001321554183959961,0.0011477470397949219,0.002315044403076172,0.004375457763671875,0.010325431823730469
