cora sage,"full batch
25,35,40,40,40","pseudo 
2 batches
25,35,40,40,40","pseudo 
4 batches
25,35,40,40,40","pseudo 
8 batches
25,35,40,40,40","pseudo 
16 batches
25,35,40,40,40"
final layer output nodes/pure train time,9830.619433469497,5973.272570062561,3416.133247232258,1799.5898228000171,790.6077501302639
all layers input nodes//pure train time,654508.5981383513,697806.2348812369,663242.2699501428,570984.1423484054,396246.95716707304
average train time per epoch,0.014241218566894531,0.0234377384185791,0.04098200798034668,0.07779550552368164,0.1770789623260498
average number of nodes for computation,9321.0,16355.0,27181.0,44420.0,70167.0
average first layer num of input nodes,2490.5,4921.5,9463.5,17753.5,31834.0
redundancy rate (first layer input),1.0,1.9765060240963856,3.8006024096385542,7.1299196787148595,12.784738955823293
average load block input feature time per epoch,0.0031507015228271484,0.007937908172607422,0.009911537170410156,0.017894268035888672,0.04958820343017578
average block to device time per epoch,0.0009508132934570312,0.0013725757598876953,0.003604888916015625,0.006888628005981445,0.011563539505004883
average dataloading time per epoch,0.00410151481628418,0.009310483932495117,0.013516426086425781,0.024782896041870117,0.061151742935180664
