cora sage,"pseudo 2 batches25,70,80","pseudo 4 batches25,70,80","pseudo 8 batches25,70,80","pseudo 16 batches25,70,80"
final layer output nodes/pure train time,7862.389502577492,4740.129965530881,2796.1094630178995,1266.98087885627
all layers input nodes//pure train time,388458.2013523465,336650.80176623963,263673.1223625879,145883.7983368791
average train time per epoch,0.017806291580200195,0.02953505516052246,0.050069570541381836,0.11049890518188477
average number of nodes for computation,6917.0,9943.0,13202.0,16120.0
average first layer num of input nodes,3901.0,6252.5,8884.0,11546.5
redundancy rate (first layer input),1.7780309936189609,2.849817684594348,4.04922515952598,5.262762078395625
average load block input feature time per epoch,0.00700068473815918,0.03927469253540039,0.014222383499145508,0.019721269607543945
average block to device time per epoch,0.0015320777893066406,0.002100229263305664,0.002844572067260742,0.00736236572265625
average dataloading time per epoch,0.00853276252746582,0.041374921798706055,0.01706695556640625,0.027083635330200195
