cora sage,"full batch 25,35,40,40","pseudo 
2 batches 
25,35,40,40","pseudo 
4 batches 
25,35,40,40","pseudo 
8 batches 
25,35,40,40","pseudo 
16 batches 
25,35,40,40"
Nvidia-smi,1.2713623046875,1.2713623046875,1.2674560546875,1.2752685546875,1.2811279296875
CUDA_mem,0.015738487243652344,0.013978004455566406,0.013129234313964844,0.006725311279296875,0.00533294677734375
CUDA_max_mem,0.028072357177734375,0.0251922607421875,0.024161815643310547,0.02258014678955078,0.01777935028076172
epoch_time,0.03432750701904297,0.08076071739196777,0.12609577178955078,0.21224236488342285,0.36682581901550293
pure train_time per epoch,0.011759519577026367,0.0159149169921875,0.03304314613342285,0.07576847076416016,0.14369916915893555
connect checking time per epoch: ,,0.017828702926635742,0.02742743492126465,0.03495669364929199,0.045903682708740234
block generation time per epoch: ,,0.018211841583251953,0.03076767921447754,0.04725193977355957,0.07736539840698242
batches generation time per epoch: ,,0.009105920791625977,0.007691919803619385,0.005906492471694946,0.004835337400436401
first layer input nodes number per epoch,2422.0,4583.0,8485.0,14066.0,21637.0
first layer num_input nodes * in_feats per epoch,3470726.0,6567439.0,12159005.0,20156578.0,31005821.0
logged input_features_size transfer (pointers* Bytes),144.0,288.0,576.0,1152.0,2304.0
logged block_size_to_device transfer (pointers*  Bytes),96.0,192.0,384.0,768.0,1536.0
load block tensor time per epoch,0.007795572280883789,0.004813432693481445,0.009105205535888672,0.013988733291625977,0.034737348556518555
block to device time per epoch,0.0006108283996582031,0.0011110305786132812,0.002282857894897461,0.005574941635131836,0.009325027465820312
