cora sage,"full batch 25,35,40,40,40,40","pseudo 
2 batches 
25,35,40,40,40,40","pseudo 
4 batches 
25,35,40,40,40,40","pseudo 
8 batches 
25,35,40,40,40,40","pseudo 
16 batches 
25,35,40,40,40,40"
Nvidia-smi,2.6678466796875,2.6678466796875,2.6053466796875,2.5526123046875,2.4764404296875
CUDA_mem,1.2454276084899902,1.2177720069885254,1.1844921112060547,1.1235432624816895,1.0276789665222168
CUDA_max_mem,1.2456650733947754,1.2247710227966309,1.2197456359863281,1.2013053894042969,1.1537766456604004
epoch_time,0.9036273956298828,1.840527057647705,3.4072844982147217,6.291846036911011,11.302889585494995
pure train_time per epoch,0.8195176124572754,1.584291696548462,2.883751630783081,5.3816704750061035,9.585503339767456
connect checking time per epoch: ,,0.03803443908691406,0.07414722442626953,0.11168479919433594,0.17648696899414062
block generation time per epoch: ,,0.03885912895202637,0.07238554954528809,0.11854076385498047,0.2099921703338623
batches generation time per epoch: ,,0.019429564476013184,0.01809638738632202,0.014817595481872559,0.013124510645866394
first layer input nodes number per epoch,2526.0,5008.0,9864.0,19164.0,36891.0
first layer num_input nodes * in_feats per epoch,3619758.0,7176464.0,14135112.0,27462012.0,52864803.0
logged input_features_size transfer (pointers* Bytes),144.0,288.0,576.0,1152.0,2304.0
logged block_size_to_device transfer (pointers*  Bytes),128.0,256.0,512.0,1024.0,2048.0
load block tensor time per epoch,0.014161348342895508,0.08078289031982422,0.21670222282409668,0.49393796920776367,1.026611089706421
block to device time per epoch,0.0008296966552734375,0.0036764144897460938,0.004494667053222656,0.01217961311340332,0.017070531845092773
