cora sage,"full batch
25,35,40,40,40,40","pseudo 
2 batches
25,35,40,40,40,40","pseudo 
4 batches
25,35,40,40,40,40","pseudo 
8 batches
25,35,40,40,40,40","pseudo 
16 batches
25,35,40,40,40,40"
final layer output nodes/pure train time,177.0885348339953,89.34559354839986,48.90232660632241,25.95987501471068,14.798560140650226
all layers input nodes//pure train time,14970.305784002388,13517.350121061838,12914.056549731042,11857.543768326455,11145.429865929713
average train time per epoch,0.790565013885498,1.5669491291046143,2.862849473953247,5.392938137054443,9.460379838943481
average number of nodes for computation,11835.0,21181.0,36971.0,63947.0,105440.0
average first layer num of input nodes,2523.5,4983.5,9802.5,19098.0,36587.0
redundancy rate (first layer input),1.0,1.9752279032897344,3.88525564803805,7.569560047562426,14.501387237415775
average load block input feature time per epoch,0.006167411804199219,0.07457518577575684,0.21966242790222168,0.49208688735961914,1.0607829093933105
average block to device time per epoch,0.0010759830474853516,0.0025720596313476562,0.005351066589355469,0.00944066047668457,0.020134925842285156
average dataloading time per epoch,0.00724339485168457,0.07714724540710449,0.22501349449157715,0.5015275478363037,1.0809178352355957
