cora sage,"full batch 25,35,80","pseudo 
2 batches 
25,35,80","pseudo 
4 batches 
25,35,80","pseudo 
8 batches 
25,35,80","pseudo 
16 batches 
25,35,80"
Nvidia-smi,2.3436279296875,2.1717529296875,1.9920654296875,1.8905029296875,1.8299560546875
CUDA_mem,0.9718508720397949,0.8031039237976074,0.6363625526428223,0.4805107116699219,0.35735464096069336
CUDA_max_mem,0.9727425575256348,0.8316187858581543,0.7307014465332031,0.6528024673461914,0.595456600189209
epoch_time,0.5033788681030273,0.8316953182220459,1.4437255859375,2.3709630966186523,3.7490909099578857
pure train_time per epoch,0.3814973831176758,0.6638360023498535,1.1491742134094238,1.8304197788238525,2.746955394744873
connect checking time per epoch: ,,0.010065078735351562,0.01092076301574707,0.014684438705444336,0.018758058547973633
block generation time per epoch: ,,0.012239694595336914,0.015761375427246094,0.02513599395751953,0.04159903526306152
batches generation time per epoch: ,,0.006119847297668457,0.0039403438568115234,0.0031419992446899414,0.002599939703941345
first layer input nodes number per epoch,2154.0,3706.0,5938.0,8284.0,9978.0
first layer num_input nodes * in_feats per epoch,3086682.0,5310698.0,8509154.0,11870972.0,14298474.0
logged input_features_size transfer (pointers* Bytes),144.0,288.0,576.0,1152.0,2304.0
logged block_size_to_device transfer (pointers*  Bytes),96.0,192.0,384.0,768.0,1536.0
load block tensor time per epoch,0.010736942291259766,0.06807565689086914,0.1827104091644287,0.401611328125,0.8055014610290527
block to device time per epoch,0.0006890296936035156,0.0009546279907226562,0.0016567707061767578,0.003911733627319336,0.0063457489013671875
