cora sage,"pseudo 2 batches25,35,40,40","pseudo 4 batches25,35,40,40","pseudo 8 batches25,35,40,40","pseudo 16 batches25,35,40,40"
final layer output nodes/pure train time,8002.651548190144,3945.2462408793454,1999.273291840876,1032.36782514522
all layers input nodes//pure train time,638382.9463584824,496452.8787540816,373392.8482983099,269366.8877480696
average train time per epoch,0.01749420166015625,0.03548574447631836,0.07002544403076172,0.13561058044433594
average number of nodes for computation,11168.0,17617.0,26147.0,36529.0
average first layer num of input nodes,4571.5,8332.0,14315.0,22006.0
redundancy rate (first layer input),1.8851546391752578,3.4358762886597938,5.903092783505155,9.074639175257731
average load block input feature time per epoch,0.005715370178222656,0.013111352920532227,0.020777463912963867,0.0336756706237793
average block to device time per epoch,0.00128936767578125,0.0021009445190429688,0.004385471343994141,0.007961511611938477
average dataloading time per epoch,0.007004737854003906,0.015212297439575195,0.025162935256958008,0.04163718223571777
