cora sage,"pseudo 2 batches25,35,40,40,40,40","pseudo 4 batches25,35,40,40,40,40","pseudo 8 batches25,35,40,40,40,40","pseudo 16 batches25,35,40,40,40,40"
final layer output nodes/pure train time,84.68888220970099,46.83355354259354,25.422890095489553,14.00353869215484
all layers input nodes//pure train time,12910.820092868915,12512.587405051207,11648.949833825423,10613.281974784153
average train time per epoch,1.6531095504760742,2.989309787750244,5.506848335266113,9.997473001480103
average number of nodes for computation,21343.0,37404.0,64149.0,106106.0
average first layer num of input nodes,4988.0,9808.5,19091.5,36495.5
redundancy rate (first layer input),1.9754455445544554,3.8845544554455445,7.560990099009901,14.453663366336635
average load block input feature time per epoch,0.08086585998535156,0.2217576503753662,0.49615931510925293,1.0035736560821533
average block to device time per epoch,0.0029408931732177734,0.004854917526245117,0.012507915496826172,0.021078109741210938
average dataloading time per epoch,0.08380675315856934,0.22661256790161133,0.5086672306060791,1.0246517658233643
