cora sage,"full batch
25,35,40,40","pseudo 
2 batches
25,35,40,40","pseudo 
4 batches
25,35,40,40","pseudo 
8 batches
25,35,40,40","pseudo 
16 batches
25,35,40,40"
final layer output nodes/pure train time,8102.69849592935,8959.589862524605,4088.7272220868294,2374.2047338330785,1104.7817726853682
all layers input nodes//pure train time,394080.5289913067,723614.875539755,531271.6921212965,464258.77709581685,294716.3204605746
average train time per epoch,0.017278194427490234,0.015625715255737305,0.0342404842376709,0.05896711349487305,0.12672185897827148
average number of nodes for computation,6809.0,11307.0,18191.0,27376.0,37347.0
average first layer num of input nodes,2419.5,4607.5,8419.5,14433.5,21844.5
redundancy rate (first layer input),1.0,1.9047126911947085,3.4805704836709386,5.966721785861926,9.030384456386937
average load block input feature time per epoch,0.009659290313720703,0.007218599319458008,0.01016688346862793,0.021921634674072266,0.0977330207824707
average block to device time per epoch,0.001321554183959961,0.0010614395141601562,0.0029573440551757812,0.004363298416137695,0.009459257125854492
average dataloading time per epoch,0.010980844497680664,0.008280038833618164,0.013124227523803711,0.02628493309020996,0.1071922779083252
