cora sage,"full batch 25,35,40,40,40,40","pseudo 
2 batches 
25,35,40,40,40,40","pseudo 
4 batches 
25,35,40,40,40,40","pseudo 
8 batches 
25,35,40,40,40,40","pseudo 
16 batches 
25,35,40,40,40,40"
Nvidia-smi,2.5740966796875,2.5799560546875,2.5350341796875,2.5057373046875,2.4412841796875
CUDA_mem,1.150468349456787,1.1382055282592773,1.126417636871338,1.0723376274108887,0.9621562957763672
CUDA_max_mem,1.195948600769043,1.2202105522155762,1.2133002281188965,1.2113251686096191,1.1620092391967773
epoch_time,0.8981320858001709,1.8277661800384521,3.3677549362182617,6.227914810180664,11.42026400566101
pure train_time per epoch,0.821784257888794,1.5664892196655273,2.8705532550811768,5.323378801345825,9.684892177581787
connect checking time per epoch: ,,0.03871512413024902,0.06842875480651855,0.11177539825439453,0.18559885025024414
block generation time per epoch: ,,0.03905463218688965,0.06845331192016602,0.11957669258117676,0.21355295181274414
batches generation time per epoch: ,,0.019527316093444824,0.017113327980041504,0.014947086572647095,0.013347059488296509
first layer input nodes number per epoch,2527.0,5003.0,9842.0,19120.0,36693.0
first layer num_input nodes * in_feats per epoch,3621191.0,7169299.0,14103586.0,27398960.0,52581069.0
logged input_features_size transfer (pointers* Bytes),144.0,288.0,576.0,1152.0,2304.0
logged block_size_to_device transfer (pointers*  Bytes),128.0,256.0,512.0,1024.0,2048.0
load block tensor time per epoch,0.004155635833740234,0.08389568328857422,0.22192883491516113,0.4866180419921875,1.0309374332427979
block to device time per epoch,0.0010879039764404297,0.00368499755859375,0.005632162094116211,0.010364055633544922,0.020020008087158203
