cora sage,"full batch 25,35,40,40","pseudo 
2 batches 
25,35,40,40","pseudo 
4 batches 
25,35,40,40","pseudo 
8 batches 
25,35,40,40","pseudo 
16 batches 
25,35,40,40"
Nvidia-smi,2.4979248046875,2.3846435546875,2.3162841796875,2.1151123046875,2.0272216796875
CUDA_mem,1.101365089416504,1.0173392295837402,0.9013857841491699,0.6828474998474121,0.6041760444641113
CUDA_max_mem,1.1271891593933105,1.0859112739562988,1.001347541809082,0.8880343437194824,0.7874774932861328
epoch_time,0.6552186012268066,1.1328470706939697,2.0996909141540527,3.8690569400787354,5.973362922668457
pure train_time per epoch,0.5781574249267578,0.9302897453308105,1.7212209701538086,3.1898720264434814,4.74712347984314
connect checking time per epoch: ,,0.017670154571533203,0.02840900421142578,0.037061214447021484,0.05084419250488281
block generation time per epoch: ,,0.018486976623535156,0.03158831596374512,0.05058717727661133,0.08137178421020508
batches generation time per epoch: ,,0.009243488311767578,0.00789707899093628,0.006323397159576416,0.005085736513137817
first layer input nodes number per epoch,2421.0,4622.0,8419.0,14342.0,21967.0
first layer num_input nodes * in_feats per epoch,3469293.0,6623326.0,12064427.0,20552086.0,31478711.0
logged input_features_size transfer (pointers* Bytes),144.0,288.0,576.0,1152.0,2304.0
logged block_size_to_device transfer (pointers*  Bytes),96.0,192.0,384.0,768.0,1536.0
load block tensor time per epoch,0.003991127014160156,0.07815027236938477,0.21419930458068848,0.4600658416748047,0.9179704189300537
block to device time per epoch,0.0006144046783447266,0.001333475112915039,0.003527402877807617,0.005291938781738281,0.012546539306640625
