cora sage,"full batch
25,35,40,40,40","pseudo 
2 batches
25,35,40,40,40","pseudo 
4 batches
25,35,40,40,40","pseudo 
8 batches
25,35,40,40,40","pseudo 
16 batches
25,35,40,40,40"
final layer output nodes/pure train time,200.1123786960309,107.3751052123328,58.452357156679504,32.67134423467626,18.1437167674341
all layers input nodes//pure train time,13311.761305686683,12315.924567854572,11595.277592537881,10576.880962487374,9240.335753700367
average train time per epoch,0.6996068954467773,1.3038403987884521,2.395112991333008,4.285100698471069,7.716169834136963
average number of nodes for computation,9313.0,16058.0,27772.0,45323.0,71300.0
average first layer num of input nodes,2494.5,4885.0,9481.5,17811.5,32044.5
redundancy rate (first layer input),1.0,1.958700882117081,3.8017241379310347,7.141740176423416,12.848636728147554
average load block input feature time per epoch,0.012895584106445312,0.07592630386352539,0.2164931297302246,0.48669981956481934,0.988168478012085
average block to device time per epoch,0.0007669925689697266,0.0017452239990234375,0.003558635711669922,0.0076673030853271484,0.017508745193481445
average dataloading time per epoch,0.013662576675415039,0.07767152786254883,0.22005176544189453,0.4943671226501465,1.0056772232055664
