cora sage,"pseudo 2 batches25,70,80","pseudo 4 batches25,70,80","pseudo 8 batches25,70,80","pseudo 16 batches25,70,80"
final layer output nodes/pure train time,9252.238363848359,4883.262590645998,2305.5489200639204,1270.9599471878619
all layers input nodes//pure train time,457523.1870923014,351176.3411615994,222814.83491760603,147249.78816705087
average train time per epoch,0.015131473541259766,0.028669357299804688,0.060723066329956055,0.1101529598236084
average number of nodes for computation,6923.0,10068.0,13530.0,16220.0
average first layer num of input nodes,3870.0,6299.0,8981.5,11340.5
redundancy rate (first layer input),1.7630979498861048,2.869703872437358,4.091799544419135,5.1665148063781325
average load block input feature time per epoch,0.007730960845947266,0.01011347770690918,0.01563882827758789,0.019823789596557617
average block to device time per epoch,0.001247406005859375,0.0016999244689941406,0.004426240921020508,0.007736682891845703
average dataloading time per epoch,0.00897836685180664,0.01181340217590332,0.0200650691986084,0.02756047248840332
