cora sage,"full batch 25,35,40,40,40","pseudo 
2 batches 
25,35,40,40,40","pseudo 
4 batches 
25,35,40,40,40","pseudo 
8 batches 
25,35,40,40,40","pseudo 
16 batches 
25,35,40,40,40"
Nvidia-smi,2.5506591796875,2.5565185546875,2.5467529296875,2.3807373046875,2.3065185546875
CUDA_mem,1.1298274993896484,1.1155939102172852,1.0635766983032227,0.9075584411621094,0.7233748435974121
CUDA_max_mem,1.1843199729919434,1.1988487243652344,1.1501140594482422,1.093076229095459,1.017247200012207
epoch_time,0.7574143409729004,1.4588019847869873,2.7259433269500732,4.8266990184783936,8.954657316207886
pure train_time per epoch,0.6705596446990967,1.2316358089447021,2.293567657470703,4.025879383087158,7.511918783187866
connect checking time per epoch: ,,0.028508901596069336,0.04270029067993164,0.06698274612426758,0.10291886329650879
block generation time per epoch: ,,0.028060197830200195,0.048966169357299805,0.08174991607666016,0.13977265357971191
batches generation time per epoch: ,,0.014030098915100098,0.012241542339324951,0.01021873950958252,0.008735790848731995
first layer input nodes number per epoch,2495.0,4918.0,9479.0,17718.0,31847.0
first layer num_input nodes * in_feats per epoch,3575335.0,7047494.0,13583407.0,25389894.0,45636751.0
logged input_features_size transfer (pointers* Bytes),144.0,288.0,576.0,1152.0,2304.0
logged block_size_to_device transfer (pointers*  Bytes),128.0,256.0,512.0,1024.0,2048.0
load block tensor time per epoch,0.01397562026977539,0.07546401023864746,0.221510648727417,0.5028948783874512,0.9631979465484619
block to device time per epoch,0.0007874965667724609,0.0018913745880126953,0.0048258304595947266,0.006918668746948242,0.018199920654296875
