cora sage,"full batch
25,35,40,40,40","pseudo 
2 batches
25,35,40,40,40","pseudo 
4 batches
25,35,40,40,40","pseudo 
8 batches
25,35,40,40,40","pseudo 
16 batches
25,35,40,40,40"
final layer output nodes/pure train time,208.78083121572703,113.66996557201082,61.0402747631997,34.77501104184697,18.63704920683229
all layers input nodes//pure train time,13901.820775664339,13358.656739687816,12106.466495355471,11168.491581961182,9310.404174833167
average train time per epoch,0.6705596446990967,1.2316358089447021,2.293567657470703,4.025879383087158,7.511918783187866
average number of nodes for computation,9322.0,16453.0,27767.0,44963.0,69939.0
average first layer num of input nodes,2493.0,4912.0,9489.5,17782.0,31852.5
redundancy rate (first layer input),1.0,1.9703168872843964,3.8064580826313676,7.132771760930606,12.776774969915763
average load block input feature time per epoch,0.01397562026977539,0.07546401023864746,0.221510648727417,0.5028948783874512,0.9631979465484619
average block to device time per epoch,0.0007874965667724609,0.0018913745880126953,0.0048258304595947266,0.006918668746948242,0.018199920654296875
average dataloading time per epoch,0.014763116836547852,0.07735538482666016,0.22633647918701172,0.5098135471343994,0.9813978672027588
