cora sage,"full batch 25,35,80","pseudo 
2 batches 
25,35,80","pseudo 
4 batches 
25,35,80","pseudo 
8 batches 
25,35,80","pseudo 
16 batches 
25,35,80"
Nvidia-smi,2.2596435546875,2.1131591796875,1.9510498046875,1.8729248046875,1.7889404296875
CUDA_mem,0.8827061653137207,0.6831765174865723,0.5165691375732422,0.40726518630981445,0.29122161865234375
CUDA_max_mem,0.9321832656860352,0.8796920776367188,0.7178044319152832,0.6260051727294922,0.5452561378479004
epoch_time,0.45268988609313965,0.79750657081604,1.3842644691467285,2.3082427978515625,3.716956853866577
pure train_time per epoch,0.3800225257873535,0.6341128349304199,1.0875797271728516,1.769477367401123,2.7028682231903076
connect checking time per epoch: ,,0.008551597595214844,0.0120849609375,0.014945268630981445,0.019198894500732422
block generation time per epoch: ,,0.010135412216186523,0.01629161834716797,0.026434898376464844,0.041954994201660156
batches generation time per epoch: ,,0.005067706108093262,0.004072904586791992,0.0033043622970581055,0.0026221871376037598
first layer input nodes number per epoch,2165.0,3775.0,5767.0,8194.0,9844.0
first layer num_input nodes * in_feats per epoch,3102445.0,5409575.0,8264111.0,11742002.0,14106452.0
logged input_features_size transfer (pointers* Bytes),144.0,288.0,576.0,1152.0,2304.0
logged block_size_to_device transfer (pointers*  Bytes),96.0,192.0,384.0,768.0,1536.0
load block tensor time per epoch,0.002607583999633789,0.07008075714111328,0.18636584281921387,0.3939542770385742,0.8258323669433594
block to device time per epoch,0.0004494190216064453,0.0008642673492431641,0.0016646385192871094,0.0047342777252197266,0.006824970245361328
