cora sage,"full batch
25,35,80","pseudo 
2 batches
25,35,80","pseudo 
4 batches
25,35,80","pseudo 
8 batches
25,35,80","pseudo 
16 batches
25,35,80"
final layer output nodes/pure train time,368.3992145200856,220.78089621914364,128.72619496496873,79.11940699508443,51.796827828606524
all layers input nodes//pure train time,11530.895414478679,10594.329005715765,8519.835161038574,6912.210478263412,5206.321151458222
average train time per epoch,0.3800225257873535,0.6341128349304199,1.0875797271728516,1.769477367401123,2.7028682231903076
average number of nodes for computation,4382.0,6718.0,9266.0,12231.0,14072.0
average first layer num of input nodes,2159.0,3784.0,5786.5,8377.5,10014.5
redundancy rate (first layer input),1.0,1.7526632700324225,2.6801760074108385,3.880268642890227,4.638490041685966
average load block input feature time per epoch,0.002607583999633789,0.07008075714111328,0.18636584281921387,0.3939542770385742,0.8258323669433594
average block to device time per epoch,0.0004494190216064453,0.0008642673492431641,0.0016646385192871094,0.0047342777252197266,0.006824970245361328
average dataloading time per epoch,0.0030570030212402344,0.07094502449035645,0.18803048133850098,0.39868855476379395,0.8326573371887207
