cora sage,"pseudo 2 batches25,35,40,40","pseudo 4 batches25,35,40,40","pseudo 8 batches25,35,40,40","pseudo 16 batches25,35,40,40"
final layer output nodes/pure train time,142.28718381403107,79.22644457094115,47.27093339721966,28.29662618657255
all layers input nodes//pure train time,11292.520709697852,10092.31723198689,9137.809075206826,7693.246303853649
average train time per epoch,0.9839255809783936,1.7670867443084717,2.961650848388672,4.947586297988892
average number of nodes for computation,11111.0,17834.0,27063.0,38063.0
average first layer num of input nodes,4585.5,8393.0,14390.5,22118.5
redundancy rate (first layer input),1.8956180239768499,3.469615543613063,5.948945845390657,9.143654402645721
average load block input feature time per epoch,0.07984399795532227,0.22114872932434082,0.462719202041626,0.8999254703521729
average block to device time per epoch,0.0013206005096435547,0.010509967803955078,0.0064198970794677734,0.008924007415771484
average dataloading time per epoch,0.08116459846496582,0.2316586971282959,0.46913909912109375,0.9088494777679443
