cora sage,"full batch 25,35,40,40,40","pseudo 
2 batches 
25,35,40,40,40","pseudo 
4 batches 
25,35,40,40,40","pseudo 
8 batches 
25,35,40,40,40","pseudo 
16 batches 
25,35,40,40,40"
Nvidia-smi,1.2733154296875,1.2752685546875,1.2752685546875,1.2733154296875,1.2811279296875
CUDA_mem,0.018852710723876953,0.018157482147216797,0.017591476440429688,0.01427459716796875,0.009252548217773438
CUDA_max_mem,0.02884054183959961,0.028838157653808594,0.02883625030517578,0.025905132293701172,0.024929523468017578
epoch_time,0.038192033767700195,0.1160879135131836,0.22440576553344727,0.29761695861816406,0.4961555004119873
pure train_time per epoch,0.013511180877685547,0.02298426628112793,0.04934048652648926,0.07905840873718262,0.14168715476989746
connect checking time per epoch: ,,0.034474849700927734,0.051763057708740234,0.06589341163635254,0.10101914405822754
block generation time per epoch: ,,0.02985835075378418,0.04817962646484375,0.07786369323730469,0.13129878044128418
batches generation time per epoch: ,,0.01492917537689209,0.012044906616210938,0.009732961654663086,0.008206173777580261
first layer input nodes number per epoch,2492.0,4908.0,9486.0,17819.0,31029.0
first layer num_input nodes * in_feats per epoch,3571036.0,7033164.0,13593438.0,25534627.0,44464557.0
logged input_features_size transfer (pointers* Bytes),144.0,288.0,576.0,1152.0,2304.0
logged block_size_to_device transfer (pointers*  Bytes),128.0,256.0,512.0,1024.0,2048.0
load block tensor time per epoch,0.007788419723510742,0.004512310028076172,0.0149383544921875,0.028676986694335938,0.04486083984375
block to device time per epoch,0.0007579326629638672,0.0017533302307128906,0.003287792205810547,0.006459951400756836,0.011436223983764648
