cora sage,"full batch
25,35,40,40,40,40","pseudo 
2 batches
25,35,40,40,40,40","pseudo 
4 batches
25,35,40,40,40,40","pseudo 
8 batches
25,35,40,40,40,40","pseudo 
16 batches
25,35,40,40,40,40"
final layer output nodes/pure train time,8707.682360791874,4754.907606847296,2856.7800065191905,1291.417914386755,866.3321938675397
all layers input nodes//pure train time,736918.7186475865,717549.5214990202,761352.2773088394,586220.713408519,650541.2205493336
average train time per epoch,0.016077756881713867,0.02944326400756836,0.04900622367858887,0.10840797424316406,0.16160082817077637
average number of nodes for computation,11848.0,21127.0,37311.0,63551.0,105128.0
average first layer num of input nodes,2525.0,4991.0,9810.0,19139.0,36616.5
redundancy rate (first layer input),1.0,1.9766336633663366,3.885148514851485,7.579801980198019,14.501584158415842
average load block input feature time per epoch,0.006804704666137695,0.008434295654296875,0.015160322189331055,0.030627012252807617,0.05388498306274414
average block to device time per epoch,0.0008788108825683594,0.0017876625061035156,0.0034673213958740234,0.007538557052612305,0.013341188430786133
average dataloading time per epoch,0.007683515548706055,0.01022195816040039,0.018627643585205078,0.03816556930541992,0.06722617149353027
