cora sage,"pseudo 2 batches25,35,40,40","pseudo 4 batches25,35,40,40","pseudo 8 batches25,35,40,40","pseudo 16 batches25,35,40,40"
final layer output nodes/pure train time,7831.455854894639,4296.687935374349,1757.5231960922815,1215.0811774979204
all layers input nodes//pure train time,619747.8529741265,547858.4023883393,341549.525686305,323732.34229051735
average train time per epoch,0.017876625061035156,0.03258323669433594,0.07965755462646484,0.1152186393737793
average number of nodes for computation,11079.0,17851.0,27207.0,37300.0
average first layer num of input nodes,4559.0,8289.5,14204.5,21670.5
redundancy rate (first layer input),1.8901326699834162,3.4367744610281923,5.889096185737976,8.984452736318408
average load block input feature time per epoch,0.0043756961822509766,0.009411096572875977,0.02361583709716797,0.025651931762695312
average block to device time per epoch,0.0013873577117919922,0.0022211074829101562,0.005662441253662109,0.009227275848388672
average dataloading time per epoch,0.005763053894042969,0.011632204055786133,0.029278278350830078,0.034879207611083984
