cora sage,"pseudo 2 batches25,35,40,40","pseudo 4 batches25,35,40,40","pseudo 8 batches25,35,40,40","pseudo 16 batches25,35,40,40"
final layer output nodes/pure train time,8091.979163795717,4554.605856117898,2462.3336715952264,1185.1496870629123
all layers input nodes//pure train time,642387.54590304,575637.1144153578,477798.2608753994,319761.85092448135
average train time per epoch,0.017301082611083984,0.030738115310668945,0.056856632232666016,0.11812853813171387
average number of nodes for computation,11114.0,17694.0,27166.0,37773.0
average first layer num of input nodes,4569.5,8347.5,14337.5,22249.0
redundancy rate (first layer input),1.8866639141205614,3.4465317919075145,5.919694467382329,9.186209744013212
average load block input feature time per epoch,0.0059015750885009766,0.012959003448486328,0.014722347259521484,0.019774198532104492
average block to device time per epoch,0.0013508796691894531,0.0020639896392822266,0.004831552505493164,0.010286331176757812
average dataloading time per epoch,0.00725245475769043,0.015022993087768555,0.01955389976501465,0.030060529708862305
