cora sage,"full batch
25,35,40,40","pseudo 
2 batches
25,35,40,40","pseudo 
4 batches
25,35,40,40","pseudo 
8 batches
25,35,40,40","pseudo 
16 batches
25,35,40,40"
final layer output nodes/pure train time,269.22608840774,147.2255328879145,82.89691844190048,47.645923524406825,29.0539803977528
all layers input nodes//pure train time,13109.387461968312,11982.055155177843,10866.601766041125,9391.692182710935,7799.956094639564
average train time per epoch,0.5200090408325195,0.9509220123291016,1.6888444423675537,2.9383416175842285,4.81861686706543
average number of nodes for computation,6817.0,11394.0,18352.0,27596.0,37585.0
average first layer num of input nodes,2423.0,4624.5,8467.5,14527.0,22221.0
redundancy rate (first layer input),1.0,1.9085843995047462,3.4946347503095336,5.995460173338836,9.17086256706562
average load block input feature time per epoch,0.009524822235107422,0.07417654991149902,0.20988154411315918,0.4592149257659912,0.8954737186431885
average block to device time per epoch,0.0013020038604736328,0.0012238025665283203,0.0028634071350097656,0.00588679313659668,0.00937962532043457
average dataloading time per epoch,0.010826826095581055,0.07540035247802734,0.21274495124816895,0.4651017189025879,0.904853343963623
