cora sage,"full batch 25,35,40,40","pseudo 
2 batches 
25,35,40,40","pseudo 
4 batches 
25,35,40,40","pseudo 
8 batches 
25,35,40,40","pseudo 
16 batches 
25,35,40,40"
Nvidia-smi,2.4705810546875,2.3748779296875,2.2869873046875,2.1561279296875,2.1092529296875
CUDA_mem,1.057701587677002,0.9879379272460938,0.887721061706543,0.7468252182006836,0.5290169715881348
CUDA_max_mem,1.1172752380371094,1.091130256652832,1.0027375221252441,0.9004592895507812,0.8498082160949707
epoch_time,0.6353113651275635,1.1511337757110596,2.0580954551696777,3.620485782623291,6.020209312438965
pure train_time per epoch,0.5200090408325195,0.9509220123291016,1.6888444423675537,2.9383416175842285,4.81861686706543
connect checking time per epoch: ,,0.0183565616607666,0.02600574493408203,0.039435386657714844,0.05165863037109375
block generation time per epoch: ,,0.018004655838012695,0.031162738800048828,0.05161285400390625,0.08185195922851562
batches generation time per epoch: ,,0.009002327919006348,0.007790684700012207,0.006451606750488281,0.0051157474517822266
first layer input nodes number per epoch,2415.0,4636.0,8525.0,14594.0,22138.0
first layer num_input nodes * in_feats per epoch,3460695.0,6643388.0,12216325.0,20913202.0,31723754.0
logged input_features_size transfer (pointers* Bytes),144.0,288.0,576.0,1152.0,2304.0
logged block_size_to_device transfer (pointers*  Bytes),96.0,192.0,384.0,768.0,1536.0
load block tensor time per epoch,0.009524822235107422,0.07417654991149902,0.20988154411315918,0.4592149257659912,0.8954737186431885
block to device time per epoch,0.0013020038604736328,0.0012238025665283203,0.0028634071350097656,0.00588679313659668,0.00937962532043457
