cora sage,"full batch 25,70,80","pseudo 
2 batches 
25,70,80","pseudo 
4 batches 
25,70,80","pseudo 
8 batches 
25,70,80","pseudo 
16 batches 
25,70,80"
Nvidia-smi,1.2928466796875,1.3006591796875,1.2908935546875,1.2889404296875,1.2889404296875
CUDA_mem,0.034110069274902344,0.02971935272216797,0.025271892547607422,0.020714282989501953,0.017650604248046875
CUDA_max_mem,0.03736114501953125,0.03454875946044922,0.03030252456665039,0.027037620544433594,0.022593021392822266
epoch_time,0.05167579650878906,0.06006360054016113,0.11269879341125488,0.14058971405029297,0.23757481575012207
pure train_time per epoch,0.01033639907836914,0.01219940185546875,0.033974647521972656,0.05243349075317383,0.09363389015197754
connect checking time per epoch: ,,0.009134769439697266,0.014676570892333984,0.01529383659362793,0.020107030868530273
block generation time per epoch: ,,0.011124610900878906,0.018515586853027344,0.025664091110229492,0.0428311824798584
batches generation time per epoch: ,,0.005562305450439453,0.004628896713256836,0.0032080113887786865,0.00267694890499115
first layer input nodes number per epoch,2191.0,3863.0,6269.0,9228.0,11877.0
first layer num_input nodes * in_feats per epoch,3139703.0,5535679.0,8983477.0,13223724.0,17019741.0
logged input_features_size transfer (pointers* Bytes),144.0,288.0,576.0,1152.0,2304.0
logged block_size_to_device transfer (pointers*  Bytes),96.0,192.0,384.0,768.0,1536.0
load block tensor time per epoch,0.004366874694824219,0.006165266036987305,0.01898193359375,0.014891624450683594,0.023096084594726562
block to device time per epoch,0.0009443759918212891,0.0008120536804199219,0.0023567676544189453,0.0030820369720458984,0.006634235382080078
