cora sage,"full batch 25,35,40,40,40","pseudo 
2 batches 
25,35,40,40,40","pseudo 
4 batches 
25,35,40,40,40","pseudo 
8 batches 
25,35,40,40,40","pseudo 
16 batches 
25,35,40,40,40"
Nvidia-smi,2.5721435546875,2.5369873046875,2.4510498046875,2.3807373046875,2.3377685546875
CUDA_mem,1.150719165802002,1.1123766899108887,1.0867795944213867,0.9832220077514648,0.8333139419555664
CUDA_max_mem,1.1852903366088867,1.2018303871154785,1.1506619453430176,1.093554973602295,1.0411286354064941
epoch_time,0.7562646865844727,1.4784166812896729,2.7262468338012695,4.922166347503662,8.754148721694946
pure train_time per epoch,0.6684954166412354,1.2512931823730469,2.3050854206085205,4.125386476516724,7.280202150344849
connect checking time per epoch: ,,0.02606368064880371,0.04511451721191406,0.07096052169799805,0.10627055168151855
block generation time per epoch: ,,0.027233123779296875,0.048038482666015625,0.08333611488342285,0.14053130149841309
batches generation time per epoch: ,,0.013616561889648438,0.012009620666503906,0.010417014360427856,0.008783206343650818
first layer input nodes number per epoch,2491.0,4911.0,9411.0,17775.0,32030.0
first layer num_input nodes * in_feats per epoch,3569603.0,7037463.0,13485963.0,25471575.0,45898990.0
logged input_features_size transfer (pointers* Bytes),144.0,288.0,576.0,1152.0,2304.0
logged block_size_to_device transfer (pointers*  Bytes),128.0,256.0,512.0,1024.0,2048.0
load block tensor time per epoch,0.004363298416137695,0.07622170448303223,0.21041226387023926,0.485548734664917,0.9905242919921875
block to device time per epoch,0.001013040542602539,0.0018019676208496094,0.004253387451171875,0.007081508636474609,0.014842748641967773
