cora sage,"pseudo 2 batches25,35,40,40,40","pseudo 4 batches25,35,40,40,40","pseudo 8 batches25,35,40,40,40","pseudo 16 batches25,35,40,40,40"
final layer output nodes/pure train time,114.91527188341631,61.38372017173986,35.8267005619618,19.840846827438096
all layers input nodes//pure train time,12997.73807338498,11944.833490276493,11375.4892384309,9795.56779904067
average train time per epoch,1.2182888984680176,2.2807350158691406,3.9077000617980957,7.056150436401367
average number of nodes for computation,15835.0,27243.0,44452.0,69119.0
average first layer num of input nodes,4881.5,9419.5,17752.5,31468.5
redundancy rate (first layer input),1.9572975140336808,3.7768644747393747,7.118083400160385,12.617682437850842
average load block input feature time per epoch,0.07493209838867188,0.2146444320678711,0.5033867359161377,1.006404161453247
average block to device time per epoch,0.0019178390502929688,0.00449371337890625,0.0068874359130859375,0.01334238052368164
average dataloading time per epoch,0.07684993743896484,0.21913814544677734,0.5102741718292236,1.0197465419769287
