cora sage,"full batch
25,70,80","pseudo 
2 batches
25,70,80","pseudo 
4 batches
25,70,80","pseudo 
8 batches
25,70,80","pseudo 
16 batches
25,70,80"
final layer output nodes/pure train time,18426.08761139701,10412.86991062562,3298.2793077687843,2377.5789452373724,1326.5108083502948
all layers input nodes//pure train time,588187.0395380947,515065.17236487445,237358.3144697893,225003.88175321388,152122.3644861713
average train time per epoch,0.007597923278808594,0.013444900512695312,0.04244637489318848,0.0588834285736084,0.10554003715515137
average number of nodes for computation,4469.0,6925.0,10075.0,13249.0,16055.0
average first layer num of input nodes,2194.0,3870.0,6290.5,8725.0,11155.0
redundancy rate (first layer input),1.0,1.763901549680948,2.867137648131267,3.9767547857793986,5.0843208751139475
average load block input feature time per epoch,0.01078343391418457,0.005916595458984375,0.010166406631469727,0.015583276748657227,0.019083738327026367
average block to device time per epoch,0.0005037784576416016,0.0008094310760498047,0.002062082290649414,0.00396418571472168,0.006768226623535156
average dataloading time per epoch,0.011287212371826172,0.00672602653503418,0.01222848892211914,0.019547462463378906,0.025851964950561523
