cora sage,"full batch
25,35,40,40,40,40","pseudo 
2 batches
25,35,40,40,40,40","pseudo 
4 batches
25,35,40,40,40,40","pseudo 
8 batches
25,35,40,40,40,40","pseudo 
16 batches
25,35,40,40,40,40"
final layer output nodes/pure train time,177.0885348339953,89.39883352691324,48.33570648105573,26.475027737340014,14.697110443547949
all layers input nodes//pure train time,14970.305784002388,13571.38149248205,12834.51109090547,12096.06195850869,11254.417301507154
average train time per epoch,0.790565013885498,1.5660159587860107,2.896409511566162,5.288002014160156,9.525681972503662
average number of nodes for computation,11835.0,21253.0,37174.0,63964.0,107206.0
average first layer num of input nodes,2523.5,4995.0,9753.5,19136.5,36742.0
redundancy rate (first layer input),1.0,1.9797859690844233,3.8658343242172015,7.584819659135949,14.562822037257233
average load block input feature time per epoch,0.006167411804199219,0.07598018646240234,0.21499276161193848,0.49121546745300293,1.039484977722168
average block to device time per epoch,0.0010759830474853516,0.002302408218383789,0.004385948181152344,0.01148366928100586,0.019243955612182617
average dataloading time per epoch,0.00724339485168457,0.07828259468078613,0.21937870979309082,0.5026991367340088,1.0587289333343506
