cora sage,"full batch 25,35,40,40","pseudo 
2 batches 
25,35,40,40","pseudo 
4 batches 
25,35,40,40","pseudo 
8 batches 
25,35,40,40","pseudo 
16 batches 
25,35,40,40"
Nvidia-smi,2.4822998046875,2.3787841796875,2.2752685546875,2.1209716796875,1.9959716796875
CUDA_mem,1.0693717002868652,0.9866900444030762,0.895172119140625,0.7307758331298828,0.4469923973083496
CUDA_max_mem,1.11726713180542,1.0802454948425293,0.9921693801879883,0.8591079711914062,0.7593345642089844
epoch_time,0.5898041725158691,1.1389505863189697,2.086693286895752,3.6562840938568115,6.145771265029907
pure train_time per epoch,0.5126163959503174,0.9390909671783447,1.7070255279541016,2.976147413253784,4.9581522941589355
connect checking time per epoch: ,,0.016535282135009766,0.03173208236694336,0.03805828094482422,0.05007505416870117
block generation time per epoch: ,,0.018131732940673828,0.033480167388916016,0.05026435852050781,0.0811467170715332
batches generation time per epoch: ,,0.009065866470336914,0.008370041847229004,0.0062830448150634766,0.005071669816970825
first layer input nodes number per epoch,2418.0,4600.0,8351.0,14346.0,22261.0
first layer num_input nodes * in_feats per epoch,3464994.0,6591800.0,11966983.0,20557818.0,31900013.0
logged input_features_size transfer (pointers* Bytes),144.0,288.0,576.0,1152.0,2304.0
logged block_size_to_device transfer (pointers*  Bytes),96.0,192.0,384.0,768.0,1536.0
load block tensor time per epoch,0.004082679748535156,0.07845711708068848,0.21123671531677246,0.4585590362548828,0.8895711898803711
block to device time per epoch,0.00058746337890625,0.0015871524810791016,0.003513813018798828,0.005661487579345703,0.009947061538696289
