cora sage,"full batch
25,70,80","pseudo 
2 batches
25,70,80","pseudo 
4 batches
25,70,80","pseudo 
8 batches
25,70,80","pseudo 
16 batches
25,70,80"
final layer output nodes/pure train time,13673.681073025335,10533.348162232945,5272.39600262182,2713.0038809831826,1262.6600036124992
all layers input nodes//pure train time,436385.7645305514,513049.29370190325,378181.4332737737,261107.24494548142,144709.8554140182
average train time per epoch,0.0102386474609375,0.013291120529174805,0.02655339241027832,0.05160331726074219,0.11087703704833984
average number of nodes for computation,4468.0,6819.0,10042.0,13474.0,16045.0
average first layer num of input nodes,2199.0,3820.0,6207.0,9032.0,11116.5
redundancy rate (first layer input),1.0,1.7371532514779444,2.8226466575716236,4.107321509777171,5.05525238744884
average load block input feature time per epoch,0.00440669059753418,0.0034551620483398438,0.010315895080566406,0.013868093490600586,0.020252704620361328
average block to device time per epoch,0.0005698204040527344,0.0010325908660888672,0.0015881061553955078,0.0030744075775146484,0.007477521896362305
average dataloading time per epoch,0.004976511001586914,0.004487752914428711,0.011904001235961914,0.016942501068115234,0.027730226516723633
