cora sage,"pseudo 2 batches25,35,40,40,40,40","pseudo 4 batches25,35,40,40,40,40","pseudo 8 batches25,35,40,40,40,40","pseudo 16 batches25,35,40,40,40,40"
final layer output nodes/pure train time,4306.2669404517455,2419.7575308031483,1248.5542604176856,613.0749353465602
all layers input nodes//pure train time,655598.3826342035,648598.722149421,572738.5939877442,462976.67474699806
average train time per epoch,0.03251075744628906,0.05785703659057617,0.11212968826293945,0.22835707664489746
average number of nodes for computation,21314.0,37526.0,64221.0,105724.0
average first layer num of input nodes,4995.0,9830.5,19146.0,36689.5
redundancy rate (first layer input),1.9790015847860538,3.894809825673534,7.585578446909667,14.536251980982568
average load block input feature time per epoch,0.007724761962890625,0.011190652847290039,0.030080080032348633,0.05813932418823242
average block to device time per epoch,0.002156972885131836,0.003931999206542969,0.006932973861694336,0.017030954360961914
average dataloading time per epoch,0.009881734848022461,0.015122652053833008,0.03701305389404297,0.07517027854919434
