cora sage,"pseudo 2 batches25,35,40,40","pseudo 4 batches25,35,40,40","pseudo 8 batches25,35,40,40","pseudo 16 batches25,35,40,40"
final layer output nodes/pure train time,150.49074839604523,81.33761000337428,43.88890803123902,29.491543793722016
all layers input nodes//pure train time,12197.275157499465,10535.544427151352,8502.848946652113,7892.147773084252
average train time per epoch,0.9302897453308105,1.7212209701538086,3.1898720264434814,4.74712347984314
average number of nodes for computation,11347.0,18134.0,27123.0,37465.0
average first layer num of input nodes,4642.5,8468.5,14272.5,21838.0
redundancy rate (first layer input),1.9152227722772277,3.493605610561056,5.8879950495049505,9.00907590759076
average load block input feature time per epoch,0.07815027236938477,0.21419930458068848,0.4600658416748047,0.9179704189300537
average block to device time per epoch,0.001333475112915039,0.003527402877807617,0.005291938781738281,0.012546539306640625
average dataloading time per epoch,0.0794837474822998,0.2177267074584961,0.46535778045654297,0.9305169582366943
