cora sage,"full batch
25,35,80","pseudo 
2 batches
25,35,80","pseudo 
4 batches
25,35,80","pseudo 
8 batches
25,35,80","pseudo 
16 batches
25,35,80"
final layer output nodes/pure train time,379.0430882065311,226.83894813940336,129.70686420665007,77.8056465293758,52.20415897839609
all layers input nodes//pure train time,11826.14435204377,10726.241690591787,8740.389692325261,6907.474147954371,5630.218545820018
average train time per epoch,0.3693511486053467,0.6171779632568359,1.0793569087982178,1.7993552684783936,2.6817786693573
average number of nodes for computation,4368.0,6620.0,9434.0,12429.0,15099.0
average first layer num of input nodes,2145.0,3724.0,5868.5,8174.0,10406.0
redundancy rate (first layer input),1.0,1.7361305361305361,2.735897435897436,3.810722610722611,4.851282051282051
average load block input feature time per epoch,0.012210607528686523,0.06559109687805176,0.18379712104797363,0.4020209312438965,0.8370845317840576
average block to device time per epoch,0.0004191398620605469,0.0009572505950927734,0.0018353462219238281,0.003931522369384766,0.00652766227722168
average dataloading time per epoch,0.01262974739074707,0.06654834747314453,0.18563246726989746,0.40595245361328125,0.8436121940612793
