cora sage,"full batch 25,35,80","pseudo 
2 batches 
25,35,80","pseudo 
4 batches 
25,35,80","pseudo 
8 batches 
25,35,80","pseudo 
16 batches 
25,35,80"
Nvidia-smi,2.2655029296875,2.0994873046875,1.9412841796875,1.8358154296875,1.7713623046875
CUDA_mem,0.8849506378173828,0.6882152557373047,0.5156459808349609,0.3922576904296875,0.2756834030151367
CUDA_max_mem,0.9307346343994141,0.859827995300293,0.7219948768615723,0.614532470703125,0.5491251945495605
epoch_time,0.4521827697753906,0.7819397449493408,1.3818385601043701,2.340930223464966,3.7234902381896973
pure train_time per epoch,0.3693511486053467,0.6171779632568359,1.0793569087982178,1.7993552684783936,2.6817786693573
connect checking time per epoch: ,,0.010339021682739258,0.01373147964477539,0.014895915985107422,0.019260883331298828
block generation time per epoch: ,,0.012196063995361328,0.018532991409301758,0.02561354637145996,0.04344487190246582
batches generation time per epoch: ,,0.006098031997680664,0.0046332478523254395,0.003201693296432495,0.0027153044939041138
first layer input nodes number per epoch,2153.0,3754.0,5911.0,8427.0,10677.0
first layer num_input nodes * in_feats per epoch,3085249.0,5379482.0,8470463.0,12075891.0,15300141.0
logged input_features_size transfer (pointers* Bytes),144.0,288.0,576.0,1152.0,2304.0
logged block_size_to_device transfer (pointers*  Bytes),96.0,192.0,384.0,768.0,1536.0
load block tensor time per epoch,0.012210607528686523,0.06559109687805176,0.18379712104797363,0.4020209312438965,0.8370845317840576
block to device time per epoch,0.0004191398620605469,0.0009572505950927734,0.0018353462219238281,0.003931522369384766,0.00652766227722168
