cora sage,"full batch
25,35,80","pseudo 
2 batches
25,35,80","pseudo 
4 batches
25,35,80","pseudo 
8 batches
25,35,80","pseudo 
16 batches
25,35,80"
final layer output nodes/pure train time,365.67033144956645,219.59411167239335,123.92611064493636,78.32538078080674,53.6768981104114
all layers input nodes//pure train time,11411.526272165398,10523.263537214907,8436.712575406345,7021.310919993747,5655.628028761989
average train time per epoch,0.3828585147857666,0.6375398635864258,1.1297054290771484,1.7874155044555664,2.608198404312134
average number of nodes for computation,4369.0,6709.0,9531.0,12550.0,14751.0
average first layer num of input nodes,2152.0,3778.0,6014.0,8422.5,10278.5
redundancy rate (first layer input),1.0,1.7555762081784387,2.7946096654275094,3.9138011152416357,4.776254646840148
average load block input feature time per epoch,0.009874582290649414,0.06806278228759766,0.18804287910461426,0.4008808135986328,0.8111286163330078
average block to device time per epoch,0.0006048679351806641,0.0008585453033447266,0.0016176700592041016,0.0042035579681396484,0.006453990936279297
average dataloading time per epoch,0.010479450225830078,0.06892132759094238,0.18966054916381836,0.40508437156677246,0.8175826072692871
