cora sage,"full batch 25,35,80","pseudo 
2 batches 
25,35,80","pseudo 
4 batches 
25,35,80","pseudo 
8 batches 
25,35,80","pseudo 
16 batches 
25,35,80"
Nvidia-smi,2.3006591796875,2.1268310546875,1.9783935546875,1.8748779296875,1.7889404296875
CUDA_mem,0.9174437522888184,0.7845578193664551,0.6063156127929688,0.3708610534667969,0.31418609619140625
CUDA_max_mem,0.9369711875915527,0.8107647895812988,0.729649543762207,0.6485376358032227,0.5463342666625977
epoch_time,0.47210097312927246,0.8007991313934326,1.4281344413757324,2.330723285675049,3.614320993423462
pure train_time per epoch,0.3828585147857666,0.6375398635864258,1.1297054290771484,1.7874155044555664,2.608198404312134
connect checking time per epoch: ,,0.00811314582824707,0.01095438003540039,0.015256643295288086,0.019382238388061523
block generation time per epoch: ,,0.00984334945678711,0.016971349716186523,0.025934934616088867,0.043291330337524414
batches generation time per epoch: ,,0.004921674728393555,0.004242837429046631,0.0032418668270111084,0.002705708146095276
first layer input nodes number per epoch,2160.0,3801.0,5986.0,8466.0,10377.0
first layer num_input nodes * in_feats per epoch,3095280.0,5446833.0,8577938.0,12131778.0,14870241.0
logged input_features_size transfer (pointers* Bytes),144.0,288.0,576.0,1152.0,2304.0
logged block_size_to_device transfer (pointers*  Bytes),96.0,192.0,384.0,768.0,1536.0
load block tensor time per epoch,0.009874582290649414,0.06806278228759766,0.18804287910461426,0.4008808135986328,0.8111286163330078
block to device time per epoch,0.0006048679351806641,0.0008585453033447266,0.0016176700592041016,0.0042035579681396484,0.006453990936279297
