cora sage,"pseudo 2 batches25,35,40,40,40","pseudo 4 batches25,35,40,40,40","pseudo 8 batches25,35,40,40,40","pseudo 16 batches25,35,40,40,40"
final layer output nodes/pure train time,111.88425060743432,60.73527633654519,33.936214412136536,19.230235247433132
all layers input nodes//pure train time,12941.811102405652,11897.6068109268,11073.144361148636,9760.168541011491
average train time per epoch,1.2512931823730469,2.3050854206085205,4.125386476516724,7.280202150344849
average number of nodes for computation,16194.0,27425.0,45681.0,71056.0
average first layer num of input nodes,4852.5,9370.0,17692.5,32009.5
redundancy rate (first layer input),1.9456696070569366,3.757016840417001,7.094025661587811,12.834603047313552
average load block input feature time per epoch,0.07622170448303223,0.21041226387023926,0.485548734664917,0.9905242919921875
average block to device time per epoch,0.0018019676208496094,0.004253387451171875,0.007081508636474609,0.014842748641967773
average dataloading time per epoch,0.07802367210388184,0.21466565132141113,0.4926302433013916,1.0053670406341553
