cora sage,"full batch
25,35,80","pseudo 
2 batches
25,35,80","pseudo 
4 batches
25,35,80","pseudo 
8 batches
25,35,80","pseudo 
16 batches
25,35,80"
final layer output nodes/pure train time,365.67033144956645,215.97190612030525,130.47806269363588,77.10544885759164,49.751587138186295
all layers input nodes//pure train time,11411.526272165398,10419.10181383244,8830.568885872855,6861.83419511953,5363.931830455599
average train time per epoch,0.3828585147857666,0.6482324600219727,1.0729773044586182,1.8156952857971191,2.8139805793762207
average number of nodes for computation,4369.0,6754.0,9475.0,12459.0,15094.0
average first layer num of input nodes,2152.0,3766.0,5948.0,8363.5,10554.0
redundancy rate (first layer input),1.0,1.75,2.7639405204460967,3.8863847583643123,4.904275092936803
average load block input feature time per epoch,0.009874582290649414,0.06814932823181152,0.18445324897766113,0.40618896484375,0.8419961929321289
average block to device time per epoch,0.0006048679351806641,0.0008683204650878906,0.001699209213256836,0.003994464874267578,0.006593465805053711
average dataloading time per epoch,0.010479450225830078,0.06901764869689941,0.18615245819091797,0.4101834297180176,0.8485896587371826
