cora sage,"full batch 25,35,80","pseudo 
2 batches 
25,35,80","pseudo 
4 batches 
25,35,80","pseudo 
8 batches 
25,35,80","pseudo 
16 batches 
25,35,80"
Nvidia-smi,2.3006591796875,2.1190185546875,2.0057373046875,1.8533935546875,1.7752685546875
CUDA_mem,0.9174437522888184,0.7364945411682129,0.5818800926208496,0.45486927032470703,0.36050891876220703
CUDA_max_mem,0.9369711875915527,0.8744969367980957,0.7414350509643555,0.6282076835632324,0.5491728782653809
epoch_time,0.47210097312927246,0.8092460632324219,1.3671488761901855,2.397382974624634,3.8505938053131104
pure train_time per epoch,0.3828585147857666,0.6482324600219727,1.0729773044586182,1.8156952857971191,2.8139805793762207
connect checking time per epoch: ,,0.008146524429321289,0.01096343994140625,0.015033960342407227,0.019277095794677734
block generation time per epoch: ,,0.010068178176879883,0.01582932472229004,0.025499582290649414,0.04390835762023926
batches generation time per epoch: ,,0.005034089088439941,0.00395733118057251,0.0031874477863311768,0.0027442723512649536
first layer input nodes number per epoch,2160.0,3787.0,5913.0,8411.0,10633.0
first layer num_input nodes * in_feats per epoch,3095280.0,5426771.0,8473329.0,12052963.0,15237089.0
logged input_features_size transfer (pointers* Bytes),144.0,288.0,576.0,1152.0,2304.0
logged block_size_to_device transfer (pointers*  Bytes),96.0,192.0,384.0,768.0,1536.0
load block tensor time per epoch,0.009874582290649414,0.06814932823181152,0.18445324897766113,0.40618896484375,0.8419961929321289
block to device time per epoch,0.0006048679351806641,0.0008683204650878906,0.001699209213256836,0.003994464874267578,0.006593465805053711
