cora sage,"pseudo 2 batches25,35,40,40,40","pseudo 4 batches25,35,40,40,40","pseudo 8 batches25,35,40,40,40","pseudo 16 batches25,35,40,40,40"
final layer output nodes/pure train time,4740.857096722106,3113.6133027912106,1456.7818954952095,779.9645617101764
all layers input nodes//pure train time,548957.3885354432,611357.9720030542,472330.31285941816,390349.97843418014
average train time per epoch,0.02953052520751953,0.044963836669921875,0.09610223770141602,0.17949533462524414
average number of nodes for computation,16211.0,27489.0,45392.0,70066.0
average first layer num of input nodes,4885.0,9403.5,17695.5,31186.5
redundancy rate (first layer input),1.9579158316633267,3.768937875751503,7.092384769539078,12.499599198396794
average load block input feature time per epoch,0.03951549530029297,0.015904903411865234,0.02962946891784668,0.05014491081237793
average block to device time per epoch,0.0021626949310302734,0.00407099723815918,0.006600141525268555,0.011558771133422852
average dataloading time per epoch,0.04167819023132324,0.019975900650024414,0.036229610443115234,0.06170368194580078
