cora sage,"full batch 25,35,40,40,40","pseudo 
2 batches 
25,35,40,40,40","pseudo 
4 batches 
25,35,40,40,40","pseudo 
8 batches 
25,35,40,40,40","pseudo 
16 batches 
25,35,40,40,40"
Nvidia-smi,1.2811279296875,1.2791748046875,1.2791748046875,1.2889404296875,1.2811279296875
CUDA_mem,0.023663043975830078,0.022165298461914062,0.019376277923583984,0.017090797424316406,0.014941692352294922
CUDA_max_mem,0.03048849105834961,0.030486106872558594,0.030483245849609375,0.027387142181396484,0.02634716033935547
epoch_time,0.0704195499420166,0.11720013618469238,0.2221236228942871,0.35355091094970703,0.5359611511230469
pure train_time per epoch,0.012422323226928711,0.02740025520324707,0.04039263725280762,0.10219264030456543,0.18143582344055176
connect checking time per epoch: ,,0.02527618408203125,0.05261945724487305,0.07719302177429199,0.09763932228088379
block generation time per epoch: ,,0.025751113891601562,0.04713797569274902,0.07930946350097656,0.13231348991394043
batches generation time per epoch: ,,0.012875556945800781,0.011784493923187256,0.00991368293762207,0.008269593119621277
first layer input nodes number per epoch,2493.0,4901.0,9450.0,17731.0,32047.0
first layer num_input nodes * in_feats per epoch,3572469.0,7023133.0,13541850.0,25408523.0,45923351.0
logged input_features_size transfer (pointers* Bytes),144.0,288.0,576.0,1152.0,2304.0
logged block_size_to_device transfer (pointers*  Bytes),128.0,256.0,512.0,1024.0,2048.0
load block tensor time per epoch,0.00917363166809082,0.008471488952636719,0.00823211669921875,0.029081344604492188,0.05048727989196777
block to device time per epoch,0.0009386539459228516,0.002087831497192383,0.0034987926483154297,0.008619308471679688,0.012234687805175781
