cora sage,"full batch
25,35,80","pseudo 
2 batches
25,35,80","pseudo 
4 batches
25,35,80","pseudo 
8 batches
25,35,80","pseudo 
16 batches
25,35,80"
final layer output nodes/pure train time,368.3992145200856,223.83153548450053,127.20744905550181,75.12717445011677,50.48601258963657
all layers input nodes//pure train time,11530.895414478679,10539.26772795591,8613.761550329693,6560.212197519125,5436.982941528218
average train time per epoch,0.3800225257873535,0.6254703998565674,1.1005644798278809,1.86350679397583,2.773045301437378
average number of nodes for computation,4382.0,6592.0,9480.0,12225.0,15077.0
average first layer num of input nodes,2159.0,3756.0,5979.5,8304.0,10410.5
redundancy rate (first layer input),1.0,1.7396943029180176,2.769569245020843,3.8462251042149145,4.821908290875405
average load block input feature time per epoch,0.002607583999633789,0.06781983375549316,0.1853945255279541,0.40028882026672363,0.8358416557312012
average block to device time per epoch,0.0004494190216064453,0.0009617805480957031,0.0016560554504394531,0.004157066345214844,0.006523609161376953
average dataloading time per epoch,0.0030570030212402344,0.06878161430358887,0.18705058097839355,0.4044458866119385,0.8423652648925781
