cora sage,"full batch 25,35,80","pseudo 
2 batches 
25,35,80","pseudo 
4 batches 
25,35,80","pseudo 
8 batches 
25,35,80","pseudo 
16 batches 
25,35,80"
Nvidia-smi,2.2596435546875,2.0877685546875,1.9354248046875,1.8651123046875,1.7850341796875
CUDA_mem,0.8827061653137207,0.7327690124511719,0.5877928733825684,0.3823366165161133,0.32227230072021484
CUDA_max_mem,0.9321832656860352,0.8143062591552734,0.6920828819274902,0.6471962928771973,0.5710091590881348
epoch_time,0.45268988609313965,0.7944269180297852,1.3988802433013916,2.404275894165039,3.813955068588257
pure train_time per epoch,0.3800225257873535,0.6254703998565674,1.1005644798278809,1.86350679397583,2.773045301437378
connect checking time per epoch: ,,0.01033639907836914,0.010491371154785156,0.014674663543701172,0.022868871688842773
block generation time per epoch: ,,0.012311458587646484,0.015372991561889648,0.025527477264404297,0.043517112731933594
batches generation time per epoch: ,,0.006155729293823242,0.003843247890472412,0.003190934658050537,0.0027198195457458496
first layer input nodes number per epoch,2165.0,3728.0,5929.0,8194.0,10617.0
first layer num_input nodes * in_feats per epoch,3102445.0,5342224.0,8496257.0,11742002.0,15214161.0
logged input_features_size transfer (pointers* Bytes),144.0,288.0,576.0,1152.0,2304.0
logged block_size_to_device transfer (pointers*  Bytes),96.0,192.0,384.0,768.0,1536.0
load block tensor time per epoch,0.002607583999633789,0.06781983375549316,0.1853945255279541,0.40028882026672363,0.8358416557312012
block to device time per epoch,0.0004494190216064453,0.0009617805480957031,0.0016560554504394531,0.004157066345214844,0.006523609161376953
