cora sage,"full batch 25,35,40,40,40","pseudo 
2 batches 
25,35,40,40,40","pseudo 
4 batches 
25,35,40,40,40","pseudo 
8 batches 
25,35,40,40,40","pseudo 
16 batches 
25,35,40,40,40"
Nvidia-smi,2.5721435546875,2.5584716796875,2.4393310546875,2.3905029296875,2.3358154296875
CUDA_mem,1.150719165802002,1.1019649505615234,1.0455961227416992,0.9484148025512695,0.6973361968994141
CUDA_max_mem,1.1852903366088867,1.1798639297485352,1.151109218597412,1.095423698425293,1.0332975387573242
epoch_time,0.7562646865844727,1.4413788318634033,2.7110583782196045,4.70898175239563,8.522969722747803
pure train_time per epoch,0.6684954166412354,1.2182888984680176,2.2807350158691406,3.9077000617980957,7.056150436401367
connect checking time per epoch: ,,0.027397632598876953,0.046877384185791016,0.07020807266235352,0.10509252548217773
block generation time per epoch: ,,0.028470754623413086,0.04973268508911133,0.08126568794250488,0.13765168190002441
batches generation time per epoch: ,,0.014235377311706543,0.012433171272277832,0.01015821099281311,0.008603230118751526
first layer input nodes number per epoch,2491.0,4868.0,9394.0,17713.0,31523.0
first layer num_input nodes * in_feats per epoch,3569603.0,6975844.0,13461602.0,25382729.0,45172459.0
logged input_features_size transfer (pointers* Bytes),144.0,288.0,576.0,1152.0,2304.0
logged block_size_to_device transfer (pointers*  Bytes),128.0,256.0,512.0,1024.0,2048.0
load block tensor time per epoch,0.004363298416137695,0.07493209838867188,0.2146444320678711,0.5033867359161377,1.006404161453247
block to device time per epoch,0.001013040542602539,0.0019178390502929688,0.00449371337890625,0.0068874359130859375,0.01334238052368164
