cora sage,"full batch 25,70,80","pseudo 
2 batches 
25,70,80","pseudo 
4 batches 
25,70,80","pseudo 
8 batches 
25,70,80","pseudo 
16 batches 
25,70,80"
Nvidia-smi,1.2694091796875,1.2694091796875,1.2830810546875,1.2635498046875,1.2635498046875
CUDA_mem,0.01432180404663086,0.012427330017089844,0.009649276733398438,0.006199836730957031,0.0035424232482910156
CUDA_max_mem,0.024883270263671875,0.022348880767822266,0.01840686798095703,0.015527725219726562,0.011138916015625
epoch_time,0.05411076545715332,0.10163140296936035,0.12893962860107422,0.13491272926330566,0.24939894676208496
pure train_time per epoch,0.007597923278808594,0.017806291580200195,0.02953505516052246,0.050069570541381836,0.11049890518188477
connect checking time per epoch: ,,0.010737419128417969,0.014297723770141602,0.013843297958374023,0.01924610137939453
block generation time per epoch: ,,0.012358665466308594,0.01885080337524414,0.02452540397644043,0.04208564758300781
batches generation time per epoch: ,,0.006179332733154297,0.004712700843811035,0.0030656754970550537,0.0026303529739379883
first layer input nodes number per epoch,2199.0,3875.0,6172.0,8811.0,11257.0
first layer num_input nodes * in_feats per epoch,3151167.0,5552875.0,8844476.0,12626163.0,16131281.0
logged input_features_size transfer (pointers* Bytes),144.0,288.0,576.0,1152.0,2304.0
logged block_size_to_device transfer (pointers*  Bytes),96.0,192.0,384.0,768.0,1536.0
load block tensor time per epoch,0.01078343391418457,0.00700068473815918,0.03927469253540039,0.014222383499145508,0.019721269607543945
block to device time per epoch,0.0005037784576416016,0.0015320777893066406,0.002100229263305664,0.002844572067260742,0.00736236572265625
