cora sage,"full batch
25,70,80","pseudo 
2 batches
25,70,80","pseudo 
4 batches
25,70,80","pseudo 
8 batches
25,70,80","pseudo 
16 batches
25,70,80"
final layer output nodes/pure train time,16629.922401585955,6774.997230939634,6207.740189445196,2739.571803807951,1377.3460402646783
all layers input nodes//pure train time,530375.7394505806,327619.5089532952,428999.18809201627,251531.8283296243,153269.09972345302
average train time per epoch,0.008418560028076172,0.020664215087890625,0.022552490234375,0.05110287666320801,0.10164475440979004
average number of nodes for computation,4465.0,6770.0,9675.0,12854.0,15579.0
average first layer num of input nodes,2196.5,3832.5,6098.5,8949.5,11205.5
redundancy rate (first layer input),1.0,1.7452185792349726,2.777094717668488,4.0753642987249545,5.1026867030965395
average load block input feature time per epoch,0.009754419326782227,0.0035293102264404297,0.009070158004760742,0.014481782913208008,0.018465518951416016
average block to device time per epoch,0.0006155967712402344,0.0010139942169189453,0.0015826225280761719,0.0029222965240478516,0.0061838626861572266
average dataloading time per epoch,0.010370016098022461,0.004543304443359375,0.010652780532836914,0.01740407943725586,0.024649381637573242
