cora sage,"pseudo 2 batches25,35,40,40,40","pseudo 4 batches25,35,40,40,40","pseudo 8 batches25,35,40,40,40","pseudo 16 batches25,35,40,40,40"
final layer output nodes/pure train time,5344.278134243458,3423.2429722387396,1990.4496796718756,795.8227079538555
all layers input nodes//pure train time,621043.2926143345,666065.2754555948,630446.5010406427,392585.0262815509
average train time per epoch,0.02619624137878418,0.04089689254760742,0.07033586502075195,0.1759185791015625
average number of nodes for computation,16269.0,27240.0,44343.0,69063.0
average first layer num of input nodes,4910.5,9432.5,17744.5,31256.5
redundancy rate (first layer input),1.9681362725450902,3.780561122244489,7.112024048096193,12.527655310621242
average load block input feature time per epoch,0.00770878791809082,0.00968480110168457,0.01666569709777832,0.04909873008728027
average block to device time per epoch,0.0014443397521972656,0.003021717071533203,0.006036996841430664,0.011435747146606445
average dataloading time per epoch,0.009153127670288086,0.012706518173217773,0.022702693939208984,0.06053447723388672
