cora sage,"full batch 25,35,40,40,40","pseudo 
2 batches 
25,35,40,40,40","pseudo 
4 batches 
25,35,40,40,40","pseudo 
8 batches 
25,35,40,40,40","pseudo 
16 batches 
25,35,40,40,40"
Nvidia-smi,1.2908935546875,1.2947998046875,1.2928466796875,1.2889404296875,1.2987060546875
CUDA_mem,0.03403329849243164,0.032071590423583984,0.028569698333740234,0.02419757843017578,0.02130413055419922
CUDA_max_mem,0.034329891204833984,0.03376150131225586,0.03218984603881836,0.03119516372680664,0.030273914337158203
epoch_time,0.09539198875427246,0.13100790977478027,0.1806349754333496,0.3042726516723633,0.5355250835418701
pure train_time per epoch,0.012688398361206055,0.03638648986816406,0.04372215270996094,0.07733678817749023,0.18341994285583496
connect checking time per epoch: ,,0.03321504592895508,0.044815778732299805,0.07006478309631348,0.09674859046936035
block generation time per epoch: ,,0.0296628475189209,0.0474705696105957,0.07926130294799805,0.13004446029663086
batches generation time per epoch: ,,0.01483142375946045,0.011867642402648926,0.009907662868499756,0.008127778768539429
first layer input nodes number per epoch,2494.0,4914.0,9366.0,17780.0,31385.0
first layer num_input nodes * in_feats per epoch,3573902.0,7041762.0,13421478.0,25478740.0,44974705.0
logged input_features_size transfer (pointers* Bytes),144.0,288.0,576.0,1152.0,2304.0
logged block_size_to_device transfer (pointers*  Bytes),128.0,256.0,512.0,1024.0,2048.0
load block tensor time per epoch,0.01112675666809082,0.007810831069946289,0.014119625091552734,0.026391029357910156,0.05049610137939453
block to device time per epoch,0.0008599758148193359,0.0016965866088867188,0.0030677318572998047,0.0058155059814453125,0.012017965316772461
