cora sage,"pseudo 2 batches25,35,40,40,40","pseudo 4 batches25,35,40,40,40","pseudo 8 batches25,35,40,40,40","pseudo 16 batches25,35,40,40,40"
final layer output nodes/pure train time,7042.4869273207005,3532.7042034905758,1791.6610016415352,776.9562553835609
all layers input nodes//pure train time,812954.5088030703,678329.6742730975,560380.3709991396,380780.71107594477
average train time per epoch,0.01987934112548828,0.03962969779968262,0.0781397819519043,0.1801903247833252
average number of nodes for computation,16161.0,26882.0,43788.0,68613.0
average first layer num of input nodes,4867.5,9380.0,17626.0,31494.0
redundancy rate (first layer input),1.9548192771084338,3.7670682730923697,7.078714859437751,12.648192771084338
average load block input feature time per epoch,0.008057594299316406,0.010018348693847656,0.01796555519104004,0.04967331886291504
average block to device time per epoch,0.0014314651489257812,0.0037288665771484375,0.006598472595214844,0.011444330215454102
average dataloading time per epoch,0.009489059448242188,0.013747215270996094,0.024564027786254883,0.06111764907836914
