cora sage,"pseudo 2 batches25,70,80","pseudo 4 batches25,70,80","pseudo 8 batches25,70,80","pseudo 16 batches25,70,80"
final layer output nodes/pure train time,8586.841366401497,6193.59716479622,2427.3294944876875,1369.2812237664398
all layers input nodes//pure train time,424005.95975666825,446691.07552105305,233301.04055590232,161878.38238970246
average train time per epoch,0.01630401611328125,0.022603988647460938,0.05767655372619629,0.10224342346191406
average number of nodes for computation,6913.0,10097.0,13456.0,16551.0
average first layer num of input nodes,3856.0,6206.5,8971.5,11395.0
redundancy rate (first layer input),1.7567198177676537,2.8275626423690206,4.0872437357630975,5.191343963553531
average load block input feature time per epoch,0.04075884819030762,0.009421586990356445,0.01506948471069336,0.020199060440063477
average block to device time per epoch,0.001087188720703125,0.0016009807586669922,0.0036575794219970703,0.0061206817626953125
average dataloading time per epoch,0.04184603691101074,0.011022567749023438,0.01872706413269043,0.02631974220275879
