cora sage,"full batch 25,35,40,40,40","pseudo 
2 batches 
25,35,40,40,40","pseudo 
4 batches 
25,35,40,40,40","pseudo 
8 batches 
25,35,40,40,40","pseudo 
16 batches 
25,35,40,40,40"
Nvidia-smi,1.2811279296875,1.2791748046875,1.2791748046875,1.2908935546875,1.2811279296875
CUDA_mem,0.023663043975830078,0.022437572479248047,0.020081043243408203,0.01767873764038086,0.014123916625976562
CUDA_max_mem,0.03048849105834961,0.030486106872558594,0.02927684783935547,0.02758502960205078,0.025498390197753906
epoch_time,0.0704195499420166,0.10613894462585449,0.21827244758605957,0.29485654830932617,0.5094430446624756
pure train_time per epoch,0.012422323226928711,0.020439624786376953,0.05352473258972168,0.07547330856323242,0.1551952362060547
connect checking time per epoch: ,,0.027635574340820312,0.053052663803100586,0.06975007057189941,0.10014605522155762
block generation time per epoch: ,,0.02747964859008789,0.047200679779052734,0.07872700691223145,0.13223505020141602
batches generation time per epoch: ,,0.013739824295043945,0.011800169944763184,0.00984087586402893,0.008264690637588501
first layer input nodes number per epoch,2493.0,4892.0,9445.0,17789.0,31848.0
first layer num_input nodes * in_feats per epoch,3572469.0,7010236.0,13534685.0,25491637.0,45638184.0
logged input_features_size transfer (pointers* Bytes),144.0,288.0,576.0,1152.0,2304.0
logged block_size_to_device transfer (pointers*  Bytes),128.0,256.0,512.0,1024.0,2048.0
load block tensor time per epoch,0.00917363166809082,0.0070667266845703125,0.026594161987304688,0.026082754135131836,0.04744243621826172
block to device time per epoch,0.0009386539459228516,0.0014510154724121094,0.0052642822265625,0.005948543548583984,0.011507511138916016
