cora sage,"pseudo 2 batches25,35,40,40,40,40","pseudo 4 batches25,35,40,40,40,40","pseudo 8 batches25,35,40,40,40,40","pseudo 16 batches25,35,40,40,40,40"
final layer output nodes/pure train time,89.37182474188519,48.77108611456188,26.299086580989883,14.455504246507418
all layers input nodes//pure train time,13559.620923874167,13065.42560519031,12089.126549425742,11104.82161576876
average train time per epoch,1.5664892196655273,2.8705532550811768,5.323378801345825,9.684892177581787
average number of nodes for computation,21241.0,37505.0,64355.0,107549.0
average first layer num of input nodes,4987.5,9813.0,19091.5,36589.0
redundancy rate (first layer input),1.9775971451229184,3.8909595559080095,7.569984139571768,14.507930214115781
average load block input feature time per epoch,0.08389568328857422,0.22192883491516113,0.4866180419921875,1.0309374332427979
average block to device time per epoch,0.00368499755859375,0.005632162094116211,0.010364055633544922,0.020020008087158203
average dataloading time per epoch,0.08758068084716797,0.22756099700927734,0.4969820976257324,1.050957441329956
