cora sage,"full batch
25,70,80","pseudo 
2 batches
25,70,80","pseudo 
4 batches
25,70,80","pseudo 
8 batches
25,70,80","pseudo 
16 batches
25,70,80"
final layer output nodes/pure train time,16629.922401585955,7418.295012380616,4283.961187714306,3160.3162455262236,1430.9414393668014
all layers input nodes//pure train time,530375.7394505806,378015.1187023094,314993.5461880791,306324.93894136325,170987.28099405157
average train time per epoch,0.008418560028076172,0.01887226104736328,0.03268003463745117,0.04429936408996582,0.09783768653869629
average number of nodes for computation,4465.0,7134.0,10294.0,13570.0,16729.0
average first layer num of input nodes,2196.5,3907.5,6187.0,8859.0,11471.0
redundancy rate (first layer input),1.0,1.7793715846994536,2.8173952641165756,4.034153005464481,5.223588342440801
average load block input feature time per epoch,0.009754419326782227,0.009430170059204102,0.00985407829284668,0.014238119125366211,0.019681453704833984
average block to device time per epoch,0.0006155967712402344,0.0017123222351074219,0.002963542938232422,0.0031690597534179688,0.006331205368041992
average dataloading time per epoch,0.010370016098022461,0.011142492294311523,0.012817621231079102,0.01740717887878418,0.026012659072875977
