cora sage,"pseudo 2 batches25,35,40,40","pseudo 4 batches25,35,40,40","pseudo 8 batches25,35,40,40","pseudo 16 batches25,35,40,40"
final layer output nodes/pure train time,148.02823817922027,80.58873436987487,47.29922063757815,28.80509981472986
all layers input nodes//pure train time,11962.796333997843,10464.447157928253,9039.55676699315,7424.102975820697
average train time per epoch,0.945765495300293,1.737215518951416,2.9598796367645264,4.860250473022461
average number of nodes for computation,11314.0,18179.0,26756.0,36083.0
average first layer num of input nodes,4573.5,8395.5,14304.0,21247.0
redundancy rate (first layer input),1.887536112257532,3.464919521254643,5.903425505571605,8.768881551795294
average load block input feature time per epoch,0.07532310485839844,0.21669316291809082,0.4582817554473877,0.8901059627532959
average block to device time per epoch,0.0012958049774169922,0.003636598587036133,0.005900144577026367,0.009491205215454102
average dataloading time per epoch,0.07661890983581543,0.22032976150512695,0.46418190002441406,0.89959716796875
