cora sage,"full batch 25,35,40,40","pseudo 
2 batches 
25,35,40,40","pseudo 
4 batches 
25,35,40,40","pseudo 
8 batches 
25,35,40,40","pseudo 
16 batches 
25,35,40,40"
Nvidia-smi,1.2772216796875,1.2772216796875,1.2733154296875,1.2869873046875,1.2869873046875
CUDA_mem,0.020971298217773438,0.018098831176757812,0.017145156860351562,0.014557838439941406,0.010704994201660156
CUDA_max_mem,0.030361175537109375,0.027715206146240234,0.026450634002685547,0.02351236343383789,0.020160198211669922
epoch_time,0.04325270652770996,0.08321595191955566,0.12671804428100586,0.21922016143798828,0.3520815372467041
pure train_time per epoch,0.012641191482543945,0.01749420166015625,0.03548574447631836,0.07002544403076172,0.13561058044433594
connect checking time per epoch: ,,0.017374515533447266,0.024468421936035156,0.038648128509521484,0.04510664939880371
block generation time per epoch: ,,0.018233299255371094,0.028985023498535156,0.04850172996520996,0.07601690292358398
batches generation time per epoch: ,,0.009116649627685547,0.007246255874633789,0.006062716245651245,0.004751056432723999
first layer input nodes number per epoch,2425.0,4581.0,8302.0,13982.0,21587.0
first layer num_input nodes * in_feats per epoch,3475025.0,6564573.0,11896766.0,20036206.0,30934171.0
logged input_features_size transfer (pointers* Bytes),144.0,288.0,576.0,1152.0,2304.0
logged block_size_to_device transfer (pointers*  Bytes),96.0,192.0,384.0,768.0,1536.0
load block tensor time per epoch,0.009330272674560547,0.005715370178222656,0.013111352920532227,0.020777463912963867,0.0336756706237793
block to device time per epoch,0.0007088184356689453,0.00128936767578125,0.0021009445190429688,0.004385471343994141,0.007961511611938477
