cora sage,"pseudo 2 batches25,35,40,40,40,40","pseudo 4 batches25,35,40,40,40,40","pseudo 8 batches25,35,40,40,40,40","pseudo 16 batches25,35,40,40,40,40"
final layer output nodes/pure train time,5470.389595871141,3016.4618371980728,1278.2501632635292,623.2077654405631
all layers input nodes//pure train time,824504.9347319781,810264.7417833622,589912.4503461187,474167.6283354524
average train time per epoch,0.025592327117919922,0.046411991119384766,0.10952472686767578,0.22464418411254883
average number of nodes for computation,21101.0,37606.0,64610.0,106519.0
average first layer num of input nodes,4973.0,9767.0,19106.0,36665.5
redundancy rate (first layer input),1.9702852614896988,3.869651347068146,7.56973058637084,14.52674326465927
average load block input feature time per epoch,0.008453369140625,0.015662193298339844,0.029824018478393555,0.06208658218383789
average block to device time per epoch,0.0016756057739257812,0.0033593177795410156,0.007592201232910156,0.0169064998626709
average dataloading time per epoch,0.010128974914550781,0.01902151107788086,0.03741621971130371,0.07899308204650879
