cora sage,"full batch
25,35,40,40,40,40","pseudo 
2 batches
25,35,40,40,40,40","pseudo 
4 batches
25,35,40,40,40,40","pseudo 
8 batches
25,35,40,40,40,40","pseudo 
16 batches
25,35,40,40,40,40"
final layer output nodes/pure train time,7306.33154574525,4895.843387055086,2990.484474706784,1378.254468980021,844.2531655761298
all layers input nodes//pure train time,618272.2130174569,752211.3661111065,807281.2839470963,631220.8574432927,642989.2412825346
average train time per epoch,0.019161462783813477,0.028595685958862305,0.04681515693664551,0.1015777587890625,0.16582703590393066
average number of nodes for computation,11847.0,21510.0,37793.0,64118.0,106625.0
average first layer num of input nodes,2524.0,5008.5,9823.5,19124.5,36170.0
redundancy rate (first layer input),1.0,1.984350237717908,3.8920364500792393,7.577060221870047,14.330427892234548
average load block input feature time per epoch,0.012891292572021484,0.008539676666259766,0.015989303588867188,0.0292813777923584,0.05275106430053711
average block to device time per epoch,0.0008575916290283203,0.0016210079193115234,0.003415346145629883,0.007475614547729492,0.013359785079956055
average dataloading time per epoch,0.013748884201049805,0.010160684585571289,0.01940464973449707,0.03675699234008789,0.06611084938049316
