cora sage,"pseudo 2 batches25,35,40,40","pseudo 4 batches25,35,40,40","pseudo 8 batches25,35,40,40","pseudo 16 batches25,35,40,40"
final layer output nodes/pure train time,6034.5976609869895,3322.9542020587287,2153.536192233074,1212.2491128034997
all layers input nodes//pure train time,493888.71428277803,420021.4111402233,410448.6158382508,319150.5557122242
average train time per epoch,0.02319955825805664,0.04213118553161621,0.06500935554504395,0.11548781394958496
average number of nodes for computation,11458.0,17696.0,26683.0,36858.0
average first layer num of input nodes,4647.0,8365.0,14178.0,21900.5
redundancy rate (first layer input),1.9266169154228856,3.4680762852404645,5.878109452736318,9.07980928689884
average load block input feature time per epoch,0.006796598434448242,0.010074615478515625,0.015045642852783203,0.03137350082397461
average block to device time per epoch,0.0013821125030517578,0.0032956600189208984,0.0056400299072265625,0.009745359420776367
average dataloading time per epoch,0.0081787109375,0.013370275497436523,0.020685672760009766,0.04111886024475098
