cora sage,"full batch
25,35,40,40,40","pseudo 
2 batches
25,35,40,40,40","pseudo 
4 batches
25,35,40,40,40","pseudo 
8 batches
25,35,40,40,40","pseudo 
16 batches
25,35,40,40,40"
final layer output nodes/pure train time,11033.701497585449,5433.086538550505,2613.471246155695,1880.7634482648175,855.1738520666369
all layers input nodes//pure train time,733268.2766681073,641220.6348319285,522376.8991512486,607849.3124545586,432125.45583392924
average train time per epoch,0.012688398361206055,0.025768041610717773,0.05356860160827637,0.07443785667419434,0.16370940208435059
average number of nodes for computation,9304.0,16523.0,27983.0,45247.0,70743.0
average first layer num of input nodes,2491.5,4909.0,9468.5,17793.5,31614.0
redundancy rate (first layer input),1.0,1.9706945002007226,3.8010839020473703,7.143115214773183,12.691288639100764
average load block input feature time per epoch,0.01112675666809082,0.006534099578857422,0.04288816452026367,0.017998218536376953,0.04433155059814453
average block to device time per epoch,0.0008599758148193359,0.0019927024841308594,0.003777742385864258,0.005941152572631836,0.011762619018554688
average dataloading time per epoch,0.011986732482910156,0.008526802062988281,0.04666590690612793,0.02393937110900879,0.05609416961669922
