cora sage,"full batch 25,35,40,40,40","pseudo 
2 batches 
25,35,40,40,40","pseudo 
4 batches 
25,35,40,40,40","pseudo 
8 batches 
25,35,40,40,40","pseudo 
16 batches 
25,35,40,40,40"
Nvidia-smi,1.2908935546875,1.2947998046875,1.2908935546875,1.3006591796875,1.3045654296875
CUDA_mem,0.03403329849243164,0.03203868865966797,0.02885293960571289,0.024780750274658203,0.020699024200439453
CUDA_max_mem,0.034329891204833984,0.03381490707397461,0.032419681549072266,0.031287193298339844,0.029873371124267578
epoch_time,0.09539198875427246,0.11589431762695312,0.22952961921691895,0.2870514392852783,0.5141401290893555
pure train_time per epoch,0.012688398361206055,0.025768041610717773,0.05356860160827637,0.07443785667419434,0.16370940208435059
connect checking time per epoch: ,,0.02710866928100586,0.04986095428466797,0.06998205184936523,0.09891271591186523
block generation time per epoch: ,,0.026723384857177734,0.04799842834472656,0.07968640327453613,0.1330420970916748
batches generation time per epoch: ,,0.013361692428588867,0.01199960708618164,0.009960800409317017,0.008315131068229675
first layer input nodes number per epoch,2494.0,4924.0,9505.0,17825.0,32346.0
first layer num_input nodes * in_feats per epoch,3573902.0,7056092.0,13620665.0,25543225.0,46351818.0
logged input_features_size transfer (pointers* Bytes),144.0,288.0,576.0,1152.0,2304.0
logged block_size_to_device transfer (pointers*  Bytes),128.0,256.0,512.0,1024.0,2048.0
load block tensor time per epoch,0.01112675666809082,0.006534099578857422,0.04288816452026367,0.017998218536376953,0.04433155059814453
block to device time per epoch,0.0008599758148193359,0.0019927024841308594,0.003777742385864258,0.005941152572631836,0.011762619018554688
