cora sage,"pseudo 2 batches25,35,40,40,40","pseudo 4 batches25,35,40,40,40","pseudo 8 batches25,35,40,40,40","pseudo 16 batches25,35,40,40,40"
final layer output nodes/pure train time,110.86123055051839,59.53058030606817,33.19030777150042,19.11486204644149
all layers input nodes//pure train time,12841.689827412547,11854.239412661203,10681.826409003532,9336.790901313248
average train time per epoch,1.2628400325775146,2.3517324924468994,4.218098878860474,7.324143886566162
average number of nodes for computation,16217.0,27878.0,45057.0,68384.0
average first layer num of input nodes,4916.5,9489.5,17716.0,31327.0
redundancy rate (first layer input),1.9729133226324238,3.807985553772071,7.109149277688603,12.571027287319422
average load block input feature time per epoch,0.07883334159851074,0.2142777442932129,0.49451565742492676,0.9950766563415527
average block to device time per epoch,0.0024352073669433594,0.004571437835693359,0.007565021514892578,0.016302824020385742
average dataloading time per epoch,0.0812685489654541,0.21884918212890625,0.5020806789398193,1.0113794803619385
