cora sage,"full batch 25,35,40,40,40","pseudo 
2 batches 
25,35,40,40,40","pseudo 
4 batches 
25,35,40,40,40","pseudo 
8 batches 
25,35,40,40,40","pseudo 
16 batches 
25,35,40,40,40"
Nvidia-smi,1.3201904296875,1.3182373046875,1.3162841796875,1.3280029296875,1.3123779296875
CUDA_mem,0.05881977081298828,0.05366373062133789,0.045534610748291016,0.038372039794921875,0.03341865539550781
CUDA_max_mem,0.05942344665527344,0.05501556396484375,0.048978328704833984,0.04424905776977539,0.04062175750732422
epoch_time,0.06214094161987305,0.11673092842102051,0.17319273948669434,0.27869534492492676,0.524716854095459
pure train_time per epoch,0.013991355895996094,0.02619624137878418,0.04089689254760742,0.07033586502075195,0.1759185791015625
connect checking time per epoch: ,,0.027327299118041992,0.04499959945678711,0.06850814819335938,0.09677386283874512
block generation time per epoch: ,,0.02680659294128418,0.0464320182800293,0.07871651649475098,0.13035058975219727
batches generation time per epoch: ,,0.01340329647064209,0.011608004570007324,0.009839564561843872,0.008146911859512329
first layer input nodes number per epoch,2499.0,4907.0,9409.0,17647.0,31769.0
first layer num_input nodes * in_feats per epoch,3581067.0,7031731.0,13483097.0,25288151.0,45524977.0
logged input_features_size transfer (pointers* Bytes),144.0,288.0,576.0,1152.0,2304.0
logged block_size_to_device transfer (pointers*  Bytes),128.0,256.0,512.0,1024.0,2048.0
load block tensor time per epoch,0.010917425155639648,0.00770878791809082,0.00968480110168457,0.01666569709777832,0.04909873008728027
block to device time per epoch,0.0009672641754150391,0.0014443397521972656,0.003021717071533203,0.006036996841430664,0.011435747146606445
