cora sage,"full batch
25,70,80","pseudo 
2 batches
25,70,80","pseudo 
4 batches
25,70,80","pseudo 
8 batches
25,70,80","pseudo 
16 batches
25,70,80"
final layer output nodes/pure train time,13673.681073025335,11969.557666435647,6000.986806471064,2702.5776550454493,1317.9658703990915
all layers input nodes//pure train time,436385.7645305514,585225.8730482287,422426.6069840881,255605.9337889771,152611.03375028336
average train time per epoch,0.0102386474609375,0.011696338653564453,0.023329496383666992,0.05180239677429199,0.10622429847717285
average number of nodes for computation,4468.0,6845.0,9855.0,13241.0,16211.0
average first layer num of input nodes,2199.0,3838.5,6170.0,8852.0,11441.5
redundancy rate (first layer input),1.0,1.7455661664392905,2.8058208276489314,4.025466120964075,5.203046839472488
average load block input feature time per epoch,0.00440669059753418,0.005670309066772461,0.006310462951660156,0.014528989791870117,0.01975870132446289
average block to device time per epoch,0.0005698204040527344,0.0008122920989990234,0.0019526481628417969,0.0030257701873779297,0.006558418273925781
average dataloading time per epoch,0.004976511001586914,0.006482601165771484,0.008263111114501953,0.017554759979248047,0.026317119598388672
