cora sage,"full batch 25,70,80","pseudo 
2 batches 
25,70,80","pseudo 
4 batches 
25,70,80","pseudo 
8 batches 
25,70,80","pseudo 
16 batches 
25,70,80"
Nvidia-smi,1.2752685546875,1.2694091796875,1.2850341796875,1.2655029296875,1.2655029296875
CUDA_mem,0.016736984252929688,0.014343738555908203,0.011827945709228516,0.00794839859008789,0.005826473236083984
CUDA_max_mem,0.02636861801147461,0.023562908172607422,0.019995689392089844,0.01692342758178711,0.013016700744628906
epoch_time,0.02730083465576172,0.05942821502685547,0.08196401596069336,0.1368868350982666,0.2437286376953125
pure train_time per epoch,0.0102386474609375,0.011696338653564453,0.023329496383666992,0.05180239677429199,0.10622429847717285
connect checking time per epoch: ,,0.009576797485351562,0.01062774658203125,0.014545440673828125,0.018903017044067383
block generation time per epoch: ,,0.010694265365600586,0.015590906143188477,0.024912118911743164,0.042443037033081055
batches generation time per epoch: ,,0.005347132682800293,0.003897726535797119,0.0031140148639678955,0.002652689814567566
first layer input nodes number per epoch,2198.0,3862.0,6183.0,8917.0,11374.0
first layer num_input nodes * in_feats per epoch,3149734.0,5534246.0,8860239.0,12778061.0,16298942.0
logged input_features_size transfer (pointers* Bytes),144.0,288.0,576.0,1152.0,2304.0
logged block_size_to_device transfer (pointers*  Bytes),96.0,192.0,384.0,768.0,1536.0
load block tensor time per epoch,0.00440669059753418,0.005670309066772461,0.006310462951660156,0.014528989791870117,0.01975870132446289
block to device time per epoch,0.0005698204040527344,0.0008122920989990234,0.0019526481628417969,0.0030257701873779297,0.006558418273925781
