cora sage,"pseudo 2 batches25,35,40,40,40,40","pseudo 4 batches25,35,40,40,40,40","pseudo 8 batches25,35,40,40,40,40","pseudo 16 batches25,35,40,40,40,40"
final layer output nodes/pure train time,75.640098970619,46.21977564930552,24.884058253529815,14.114296992213639
all layers input nodes//pure train time,11477.844732370215,12447.645864867252,11530.20613504628,10749.75103849117
average train time per epoch,1.850870132446289,3.0290064811706543,5.626091957092285,9.919020414352417
average number of nodes for computation,21244.0,37704.0,64870.0,106627.0
average first layer num of input nodes,4976.0,9793.0,19095.5,36754.5
redundancy rate (first layer input),1.9706930693069307,3.8784158415841583,7.562574257425743,14.556237623762376
average load block input feature time per epoch,0.05481362342834473,0.21194028854370117,0.5015759468078613,1.0422186851501465
average block to device time per epoch,0.002792835235595703,0.004693031311035156,0.011052131652832031,0.021936416625976562
average dataloading time per epoch,0.05760645866394043,0.21663331985473633,0.5126280784606934,1.064155101776123
