cora sage,"full batch
25,35,40,40,40","pseudo 
2 batches
25,35,40,40,40","pseudo 
4 batches
25,35,40,40,40","pseudo 
8 batches
25,35,40,40,40","pseudo 
16 batches
25,35,40,40,40"
final layer output nodes/pure train time,208.78083121572703,112.19289144964735,61.364770797519085,34.080993080520635,19.098777130667134
all layers input nodes//pure train time,13901.820775664339,13086.499409805296,12077.90185232599,10969.454494295289,9684.989882961305
average train time per epoch,0.6705596446990967,1.2478508949279785,2.2814393043518066,4.107861518859863,7.330312252044678
average number of nodes for computation,9322.0,16330.0,27555.0,45061.0,70994.0
average first layer num of input nodes,2493.0,4919.5,9475.0,17645.5,31604.0
redundancy rate (first layer input),1.0,1.9733253108704372,3.800641797031689,7.078018451664661,12.677095868431609
average load block input feature time per epoch,0.01397562026977539,0.07535409927368164,0.22014355659484863,0.45837974548339844,1.0016310214996338
average block to device time per epoch,0.0007874965667724609,0.0019152164459228516,0.004506349563598633,0.008904218673706055,0.015477657318115234
average dataloading time per epoch,0.014763116836547852,0.07726931571960449,0.22464990615844727,0.4672839641571045,1.017108678817749
