cora sage,"full batch
25,35,40,40,40","pseudo 
2 batches
25,35,40,40,40","pseudo 
4 batches
25,35,40,40,40","pseudo 
8 batches
25,35,40,40,40","pseudo 
16 batches
25,35,40,40,40"
final layer output nodes/pure train time,200.1123786960309,107.12067733831087,59.1449701159053,32.92988197672195,18.272827624038335
all layers input nodes//pure train time,13311.761305686683,12452.013592883366,11764.35702012582,10434.773958095113,9285.206836957765
average train time per epoch,0.6996068954467773,1.3069372177124023,2.367065191268921,4.251457691192627,7.661649465560913
average number of nodes for computation,9313.0,16274.0,27847.0,44363.0,71140.0
average first layer num of input nodes,2494.5,4874.0,9425.5,17712.0,32357.5
redundancy rate (first layer input),1.0,1.954290296712109,3.779270248596632,7.101844426623897,12.974137931034482
average load block input feature time per epoch,0.012895584106445312,0.08037495613098145,0.2149486541748047,0.49667906761169434,0.9800798892974854
average block to device time per epoch,0.0007669925689697266,0.001984119415283203,0.004741191864013672,0.007689237594604492,0.016837120056152344
average dataloading time per epoch,0.013662576675415039,0.08235907554626465,0.21968984603881836,0.5043683052062988,0.9969170093536377
