cora sage,"pseudo 2 batches25,35,40,40,40,40","pseudo 4 batches25,35,40,40,40,40","pseudo 8 batches25,35,40,40,40,40","pseudo 16 batches25,35,40,40,40,40"
final layer output nodes/pure train time,88.36756533219483,48.547870248445456,26.014227487579724,14.605388474403933
all layers input nodes//pure train time,13422.401977065165,13073.941457906361,12000.734771841777,11241.141563528376
average train time per epoch,1.584291696548462,2.883751630783081,5.3816704750061035,9.585503339767456
average number of nodes for computation,21265.0,37702.0,64584.0,107752.0
average first layer num of input nodes,5002.0,9828.0,19133.5,36776.0
redundancy rate (first layer input),1.9817749603803487,3.8938193343898573,7.580625990491284,14.570522979397781
average load block input feature time per epoch,0.08078289031982422,0.21670222282409668,0.49393796920776367,1.026611089706421
average block to device time per epoch,0.0036764144897460938,0.004494667053222656,0.01217961311340332,0.017070531845092773
average dataloading time per epoch,0.08445930480957031,0.22119688987731934,0.506117582321167,1.0436816215515137
