cora sage,"pseudo 2 batches25,35,40,40,40","pseudo 4 batches25,35,40,40,40","pseudo 8 batches25,35,40,40,40","pseudo 16 batches25,35,40,40,40"
final layer output nodes/pure train time,6849.440802519538,2615.6132544020243,1854.9604179960702,902.0895449014957
all layers input nodes//pure train time,793801.2644348536,512137.0752119163,597562.2489401626,448570.46969901805
average train time per epoch,0.020439624786376953,0.05352473258972168,0.07547330856323242,0.1551952362060547
average number of nodes for computation,16225.0,27412.0,45100.0,69616.0
average first layer num of input nodes,4902.0,9449.5,17649.5,31594.0
redundancy rate (first layer input),1.9647294589178357,3.787374749498998,7.073947895791584,12.662925851703406
average load block input feature time per epoch,0.0070667266845703125,0.026594161987304688,0.026082754135131836,0.04744243621826172
average block to device time per epoch,0.0014510154724121094,0.0052642822265625,0.005948543548583984,0.011507511138916016
average dataloading time per epoch,0.008517742156982422,0.03185844421386719,0.03203129768371582,0.058949947357177734
