cora sage,"full batch
25,35,40,40,40,40","pseudo 
2 batches
25,35,40,40,40,40","pseudo 
4 batches
25,35,40,40,40,40","pseudo 
8 batches
25,35,40,40,40,40","pseudo 
16 batches
25,35,40,40,40,40"
final layer output nodes/pure train time,143.93203848988693,84.68888220970099,46.83355354259354,25.422890095489553,14.00353869215484
all layers input nodes//pure train time,12168.425768330726,12910.820092868915,12512.587405051207,11648.949833825423,10613.281974784153
average train time per epoch,0.9726812839508057,1.6531095504760742,2.989309787750244,5.506848335266113,9.997473001480103
average number of nodes for computation,11836.0,21343.0,37404.0,64149.0,106106.0
average first layer num of input nodes,2525.0,4988.0,9808.5,19091.5,36495.5
redundancy rate (first layer input),1.0,1.9754455445544554,3.8845544554455445,7.560990099009901,14.453663366336635
average load block input feature time per epoch,0.006585597991943359,0.08086585998535156,0.2217576503753662,0.49615931510925293,1.0035736560821533
average block to device time per epoch,0.0011310577392578125,0.0029408931732177734,0.004854917526245117,0.012507915496826172,0.021078109741210938
average dataloading time per epoch,0.007716655731201172,0.08380675315856934,0.22661256790161133,0.5086672306060791,1.0246517658233643
