cora sage,"full batch
25,35,40,40,40,40","pseudo 
2 batches
25,35,40,40,40,40","pseudo 
4 batches
25,35,40,40,40,40","pseudo 
8 batches
25,35,40,40,40,40","pseudo 
16 batches
25,35,40,40,40,40"
final layer output nodes/pure train time,168.76289462740263,87.36623925539055,48.15927791579495,25.979604683458124,13.333477445676534
all layers input nodes//pure train time,14301.449870425035,13176.701013411224,12763.928621896941,11707.33771339064,9939.536001004184
average train time per epoch,0.829566240310669,1.602449655532837,2.907020330429077,5.388842582702637,10.499886512756348
average number of nodes for computation,11864.0,21115.0,37105.0,63089.0,104364.0
average first layer num of input nodes,2528.0,4962.0,9757.0,19049.0,36558.5
redundancy rate (first layer input),1.0,1.9628164556962024,3.8595727848101267,7.5352056962025316,14.461431962025317
average load block input feature time per epoch,0.012553215026855469,0.07538414001464844,0.20838046073913574,0.5034019947052002,1.024369478225708
average block to device time per epoch,0.0008623600006103516,0.0022068023681640625,0.004625797271728516,0.008881568908691406,0.03162789344787598
average dataloading time per epoch,0.01341557502746582,0.0775909423828125,0.21300625801086426,0.5122835636138916,1.055997371673584
