cora sage,"full batch
25,35,40,40,40,40","pseudo 
2 batches
25,35,40,40,40,40","pseudo 
4 batches
25,35,40,40,40,40","pseudo 
8 batches
25,35,40,40,40,40","pseudo 
16 batches
25,35,40,40,40,40"
final layer output nodes/pure train time,5764.177832749261,5451.497112724437,3213.5687313244966,1438.5449984321103,627.9818151290341
all layers input nodes//pure train time,487937.65354222496,827965.5936275693,856645.6075216444,658699.4794606459,480069.66974417766
average train time per epoch,0.024287939071655273,0.025681018829345703,0.04356527328491211,0.097320556640625,0.22293639183044434
average number of nodes for computation,11851.0,21263.0,37320.0,64105.0,107025.0
average first layer num of input nodes,2524.0,4973.5,9796.0,19091.0,36460.0
redundancy rate (first layer input),1.0,1.9704833597464342,3.8811410459587954,7.56378763866878,14.445324881141046
average load block input feature time per epoch,0.004812479019165039,0.004576683044433594,0.009066104888916016,0.0383603572845459,0.038770437240600586
average block to device time per epoch,0.0010221004486083984,0.001962423324584961,0.003656148910522461,0.007131338119506836,0.014932870864868164
average dataloading time per epoch,0.0058345794677734375,0.006539106369018555,0.012722253799438477,0.045491695404052734,0.05370330810546875
